title,sline,"group_concat(distinct eline separator ',')"
1,0,0
22222,0,0
arithmetic_v2,0,0
arithmetic_v2,1,1
arithmetic_v2,3,3
arithmetic_v2,4,4
arithmetic_v2,6,6
arithmetic_v2,7,7
arithmetic_v2,9,9
arithmetic_v2,10,10
arithmetic_v2,12,12
arithmetic_v2,13,13
arithmetic_v2,15,15
arithmetic_v2,16,16
arithmetic_v2,17,17
arraylist1_v2,0,0
arraylist1_v2,2,2
arraylist1_v2,4,4
arraylist1_v2,6,6
arraylist1_v2,7,7
arraylist2_v2,0,0
arraylist2_v2,1,1
arraylist2_v2,2,2
arraylist2_v2,4,4
arraylist2_v2,6,6
arraylist2_v2,7,7
arraylist2_v2,8,8
arraylist2_v2,9,9
arraylist2_v2,10,10
arraylist2_v2,11,11
arraylist2_v2,12,12
arraylist2_v2,13,13
arraylist2_v2,14,14
arraylist2_v2,16,16
arraylist2_v2,17,17
arraylist2_v2,18,18
arraylist2_v2,19,19
array_declaration_v2,0,0
array_declaration_v2,2,2
array_declaration_v2,4,4
array_declaration_v2,6,6
bg1,0,0
bg2,0,0
Bicycle_v2,0,0
Bicycle_v2,3,3
Bicycle_v2,4,4
Bicycle_v2,5,5
Bicycle_v2,8,8
Bicycle_v2,9,9
Bicycle_v2,10,10
Bicycle_v2,11,11
Bicycle_v2,15,15
Bicycle_v2,16,16
Bicycle_v2,19,19
Bicycle_v2,20,20
Bicycle_v2,23,23
Bicycle_v2,24,24
Bicycle_v2,27,27
Bicycle_v2,28,28
biggernumber,0,0
boolean_declaration_v2,0,0
boolean_declaration_v2,2,2
boolean_declaration_v2,4,4
boolean_declaration_v2,5,5
boolean_expression_v2,0,0
boolean_expression_v2,2,2
boolean_expression_v2,4,4
boolean_expression_v2,5,5
boolean_expression_v2,6,6
boolean_operators_v2,0,0
boolean_operators_v2,2,2
boolean_operators_v2,4,4
boolean_operators_v2,5,5
boolean_operators_v2,7,7
boolean_operators_v2,8,8
boolean_operators_v2,9,9
"bsabit title",0,0
"bsabit title",2,2
comparison_operators_v2,0,0
comparison_operators_v2,1,1
comparison_operators_v2,2,2
comparison_operators_v2,3,3
comparison_operators_v2,4,4
comparison_operators_v2,5,5
comparison_operators_v2,6,6
comparison_operators_v2,7,7
comparison_operators_v2,8,8
conditional_operators_v2,0,0
conditional_operators_v2,1,1
conditional_operators_v2,2,2
conditional_operators_v2,3,3
conditional_operators_v2,4,4
conditional_operators_v2,5,5
Constants_v2,0,0
Constants_v2,1,1
Constants_v2,2,2
Constants_v2,3,3
Constants_v2,5,5
Constants_v2,6,6
constant_v2,0,0
constant_v2,1,1
constant_v2,2,2
constant_v2,3,3
CreateObjectDemo_v2,0,0
CreateObjectDemo_v2,1,1
CreateObjectDemo_v2,3,3
CreateObjectDemo_v2,4,4
CreateObjectDemo_v2,5,5
CreateObjectDemo_v2,7,7
CreateObjectDemo_v2,8,8
CreateObjectDemo_v2,9,9
CreateObjectDemo_v2,11,11
CreateObjectDemo_v2,12,12
CreateObjectDemo_v2,13,13
CreateString_v2,0,0
CreateString_v2,2,2
CreateString_v2,4,4
CreateString_v2,5,5
CreateString_v2,6,6
create_2d_array_v2,0,0
create_2d_array_v2,1,1
create_2d_array_v2,2,2
create_2d_array_v2,3,3
create_2d_array_v2,4,4
decisions1_v2,0,0
decisions1_v2,1,1
decisions1_v2,3,3
decisions1_v2,4,4
decisions1_v2,6,"6,16"
decisions1_v2,7,7
decisions1_v2,8,"16,8"
decisions1_v2,9,9
decisions1_v2,10,"16,10"
decisions1_v2,11,11
decisions1_v2,12,"12,16"
decisions1_v2,13,13
decisions1_v2,15,15
decisions1_v2,17,17
Decision_If_v2,0,0
Decision_If_v2,2,2
Decision_If_v2,4,4
Decision_If_v2,5,"5,6"
Decision_If_v2,6,6
do_while_v2,0,0
do_while_v2,1,1
do_while_v2,2,2
do_while_v2,3,6
do_while_v2,4,4
do_while_v2,5,5
do_while_v2,6,6
exception_v2,0,0
exception_v2,1,1
exception_v2,2,2
exception_v2,3,3
exception_v2,4,14
exception_v2,5,5
exception_v2,8,8
exception_v2,11,"11,13"
exception_v2,12,12
for1_v2,0,0
for1_v2,1,1
for1_v2,2,2
for1_v2,3,3
h,0,0
HelloWorld2_v2,0,0
HelloWorld2_v2,1,1
HelloWorld2_v2,2,2
HelloWorld2_v2,3,3
hh,0,0
hihi,1,1
hihi,3,3
hihi,4,4
ifelse2_v2,0,0
ifelse2_v2,2,2
ifelse2_v2,4,4
ifelse2_v2,5,"5,8"
ifelse2_v2,6,6
ifelse2_v2,8,8
imple_multi_v2,0,0
imple_multi_v2,1,1
imple_multi_v2,2,2
imple_multi_v2,4,4
imple_multi_v2,5,5
imple_multi_v2,6,6
imple_multi_v2,9,9
imple_multi_v2,10,10
imple_multi_v2,12,12
increment_v2,0,0
increment_v2,1,1
increment_v2,3,3
increment_v2,4,4
increment_v2,5,5
increment_v2,6,6
increment_v2,8,8
increment_v2,9,9
increment_v2,10,10
increment_v2,11,11
inheritance1_v2,0,0
inheritance_casting_1,0,0
inheritance_casting_1,1,1
inheritance_casting_1,2,2
inheritance_casting_1,6,6
inheritance_casting_1,7,7
inheritance_casting_1,8,8
inheritance_casting_1,12,12
inheritance_casting_1,13,13
inheritance_casting_1,14,14
inheritance_casting_1,15,15
inheritance_casting_1,16,16
inheritance_casting_1,17,17
inheritance_casting_1,18,18
inheritance_constructors_1,0,0
inheritance_constructors_1,1,1
inheritance_constructors_1,3,3
inheritance_constructors_1,4,4
inheritance_constructors_1,8,8
inheritance_constructors_1,9,9
inheritance_constructors_1,10,10
inheritance_constructors_1,14,14
inheritance_constructors_1,15,15
inheritance_constructors_1,16,16
inheritance_polymorphism_1,0,0
inheritance_polymorphism_1,1,1
inheritance_polymorphism_1,2,2
inheritance_polymorphism_1,6,6
inheritance_polymorphism_1,7,7
inheritance_polymorphism_1,8,8
inheritance_polymorphism_1,12,12
inheritance_polymorphism_1,13,13
inheritance_polymorphism_1,14,14
inheritance_polymorphism_1,15,15
inheritance_polymorphism_2,0,0
inheritance_polymorphism_2,1,1
inheritance_polymorphism_2,2,2
inheritance_polymorphism_2,6,6
inheritance_polymorphism_2,7,7
inheritance_polymorphism_2,8,8
inheritance_polymorphism_2,12,12
inheritance_polymorphism_2,13,13
inheritance_polymorphism_2,14,14
inheritance_polymorphism_2,18,18
inheritance_polymorphism_2,19,19
inheritance_polymorphism_2,20,20
inheritance_polymorphism_2,21,21
inheritance_polymorphism_2,22,22
inheritance_polymorphism_2,23,23
inheritance_polymorphism_2,24,24
inheritance_polymorphism_2,27,27
inheritance_polymorphism_2,28,28
inheritance_polymorphism_2,29,29
inheritance_test01,0,0
inheritance_test01,3,3
inheritance_test01,5,5
j2D_Arrays1,0,0
j2D_Arrays1,2,2
j2D_Arrays1,4,"7,4"
j2D_Arrays1,8,8
j2D_Arrays1,9,9
j2D_Arrays1,10,10
j2D_Arrays2,0,0
j2D_Arrays2,2,2
j2D_Arrays2,4,4
j2D_Arrays2,6,6
j2D_Arrays2,7,"8,7"
j2D_Arrays2,8,8
j2D_Arrays2,10,10
j2D_arrays3,0,0
j2D_arrays3,2,2
j2D_arrays3,4,4
j2D_arrays3,5,5
j2D_arrays3,6,6
j2D_arrays3,8,8
j2D_arrays3,9,"9,10"
j2D_arrays3,10,10
j2D_arrays3,12,12
j2D_arrays3,13,"13,14"
j2D_arrays3,14,14
j2D_arrays3,15,15
j2D_arrays4,0,0
j2D_arrays4,2,2
j2D_arrays4,4,"7,4"
j2D_arrays4,8,8
j2D_arrays4,10,10
j2D_arrays4,11,"11,13"
j2D_arrays4,12,"13,12"
j2D_arrays4,13,13
jArray1,0,0
jArray1,1,1
jArray1,3,3
jArray1,4,4
jArray1,5,5
jArray1,6,"9,6"
jArray1,7,7
jArray1,8,8
jArray2,0,0
jArray2,1,1
jArray2,3,3
jArray2,4,4
jArray2,5,5
jArray2,6,"7,6"
jArray2,7,7
jArray3,0,0
jArray3,1,1
jArray3,3,3
jArray3,4,4
jArray3,6,6
jArray3,7,7
jArray3,8,8
jArray3,10,10
jArray3,11,11
jArray3,18,18
jArray3,20,20
jArray3,21,21
jArray3,28,28
jArray3,30,30
jArray3,42,42
jArray3,43,43
jArray3,45,45
jArray3,46,46
jArray3,53,53
jArray3,55,55
jArray3,56,56
jArray3,57,57
jArray3,58,58
jArray3,62,62
jArray3,63,63
jArray3,64,64
jArray3,65,65
jArray3,67,67
jArray3,68,68
jArray4,0,0
jArray4,1,1
jArray4,3,3
jArray4,4,4
jArray4,5,5
jArray4,6,6
jArray5,0,0
jArray5,2,2
jArray5,4,4
jArray5,6,6
jArray5,7,7
jArray5,9,9
jArray5,11,11
jArray5,18,18
jArray5,20,20
jArray5,27,27
jArray5,29,29
jArray5,30,30
jArray5,37,37
jArray5,39,39
jArray5,40,40
jArray5,47,47
jArray5,49,49
jArray5,52,52
jArrayList1,0,0
jArrayList1,2,2
jArrayList1,4,4
jArrayList1,6,6
jArrayList1,8,8
jArrayList1,9,9
jArrayList1,10,10
jArrayList1,11,11
jArrayList1,12,12
jArrayList1,14,14
jArrayList1,18,18
jArrayList1,20,20
jArrayList1,30,30
jArrayList1,32,32
jArrayList1,33,33
jArrayList1,41,41
jArrayList1,43,43
jArrayList1,44,44
jArrayList1,51,51
jArrayList1,53,53
jArrayList1,60,60
jArrayList1,62,62
jArrayList1,63,63
jArrayList1,70,70
jArrayList1,72,72
jArrayList1,73,73
jArrayList1,80,80
jArrayList1,82,82
jArrayList1,85,85
jArrayList1,86,86
jArrayList2,0,0
jArrayList2,1,1
jArrayList2,2,2
jArrayList2,4,4
jArrayList2,5,5
jArrayList2,6,6
jArrayList2,7,7
jArrayList2,8,8
jArrayList2,9,9
jArrayList2,10,10
jArrayList2,11,"16,11"
jArrayList2,12,12
jArrayList2,13,"16,13"
jArrayList2,14,14
jArrayList2,16,16
jArrayList2,18,18
jArrayList3,0,0
jArrayList3,2,2
jArrayList3,4,4
jArrayList3,6,6
jArrayList3,7,7
jArrayList3,9,9
jArrayList3,10,10
jArrayList3,11,11
jArrayList3,12,12
jArrayList3,13,13
jArrayList3,18,18
jArrayList3,20,20
jArrayList3,30,30
jArrayList3,32,32
jArrayList3,33,33
jArrayList3,41,41
jArrayList3,43,43
jArrayList3,44,44
jArrayList3,51,51
jArrayList3,53,53
jArrayList3,60,60
jArrayList3,62,62
jArrayList3,63,63
jArrayList3,70,70
jArrayList3,72,72
jArrayList3,73,73
jArrayList3,80,80
jArrayList3,82,82
jArrayList3,85,85
jArrayList3,86,86
jArrayList4,0,0
jArrayList4,2,2
jArrayList4,4,4
jArrayList4,6,6
jArrayList4,8,8
jArrayList4,9,9
jArrayList4,10,10
jArrayList4,11,11
jArrayList4,12,12
jArrayList4,13,13
jArrayList4,14,14
jArrayList4,15,15
jArrayList4,16,16
jArrayList4,17,17
jArrayList4,18,18
jArrayList4,19,19
jArrayList4,20,20
jArrayList4,22,22
jArrayList4,23,"24,23"
jArrayList4,24,24
jArrayList4,30,30
jArrayList4,32,32
jArrayList4,33,33
jArrayList4,41,41
jArrayList4,43,43
jArrayList4,44,44
jArrayList4,51,51
jArrayList4,53,53
jArrayList4,60,60
jArrayList4,62,62
jArrayList4,63,63
jArrayList4,70,70
jArrayList4,72,72
jArrayList4,73,73
jArrayList4,80,80
jArrayList4,82,82
jArrayList4,85,85
jArrayList4,86,86
jArrayList5,0,0
jArrayList5,2,2
jArrayList5,4,4
jArrayList5,6,6
jArrayList5,8,8
jArrayList5,9,9
jArrayList5,10,"13,10"
jArrayList5,11,11
jArrayList5,12,12
jArrayList5,16,16
jArrayList5,18,18
jArrayList5,20,20
jArrayList5,30,30
jArrayList5,32,32
jArrayList5,33,33
jArrayList5,41,41
jArrayList5,43,43
jArrayList5,44,44
jArrayList5,51,51
jArrayList5,53,53
jArrayList5,60,60
jArrayList5,62,62
jArrayList5,63,63
jArrayList5,70,70
jArrayList5,72,72
jArrayList5,73,73
jArrayList5,80,80
jArrayList5,82,82
jArrayList5,85,85
jArrayList5,86,86
JavaTutorial_4_1_3,0,0
JavaTutorial_4_1_3,2,2
JavaTutorial_4_1_3,3,3
JavaTutorial_4_1_3,5,5
JavaTutorial_4_1_3,7,7
JavaTutorial_4_1_3,8,8
JavaTutorial_4_1_3,9,9
JavaTutorial_4_1_3,10,10
JavaTutorial_4_1_5,0,0
JavaTutorial_4_1_5,2,2
JavaTutorial_4_1_5,3,"6,3"
JavaTutorial_4_1_5,8,8
JavaTutorial_4_1_5,9,9
JavaTutorial_4_1_5,10,10
JavaTutorial_4_1_5,11,11
JavaTutorial_4_2_2,0,0
JavaTutorial_4_2_2,2,2
JavaTutorial_4_2_2,3,3
JavaTutorial_4_2_2,4,4
JavaTutorial_4_2_2,5,5
JavaTutorial_4_2_2,6,6
JavaTutorial_4_2_2,8,"11,8"
JavaTutorial_4_2_2,9,9
JavaTutorial_4_2_2,10,10
JavaTutorial_4_2_5,0,0
JavaTutorial_4_2_5,2,2
JavaTutorial_4_2_5,3,3
JavaTutorial_4_2_5,5,"5,7"
JavaTutorial_4_2_5,6,6
JavaTutorial_4_2_6,0,0
JavaTutorial_4_2_6,2,2
JavaTutorial_4_2_6,3,3
JavaTutorial_4_2_6,4,"4,9"
JavaTutorial_4_2_6,5,5
JavaTutorial_4_2_6,6,6
JavaTutorial_4_2_6,8,8
JavaTutorial_4_2_7,0,0
JavaTutorial_4_2_7,2,2
JavaTutorial_4_2_7,3,3
JavaTutorial_4_2_7,4,"13,4"
JavaTutorial_4_2_7,5,5
JavaTutorial_4_2_7,6,"6,10"
JavaTutorial_4_2_7,7,7
JavaTutorial_4_2_7,9,9
JavaTutorial_4_2_7,12,12
JavaTutorial_4_2_8,0,0
JavaTutorial_4_2_8,2,2
JavaTutorial_4_2_8,3,3
JavaTutorial_4_2_8,4,4
JavaTutorial_4_2_8,5,5
JavaTutorial_4_2_8,7,"7,11"
JavaTutorial_4_2_8,8,8
JavaTutorial_4_2_8,9,9
JavaTutorial_4_2_8,10,10
JavaTutorial_4_2_8,12,12
JavaTutorial_4_2_8,13,13
JavaTutorial_4_2_8,14,14
JavaTutorial_4_2_9,0,0
JavaTutorial_4_2_9,2,2
JavaTutorial_4_2_9,3,3
JavaTutorial_4_2_9,4,4
JavaTutorial_4_2_9,5,5
JavaTutorial_4_2_9,7,"7,11"
JavaTutorial_4_2_9,8,8
JavaTutorial_4_2_9,9,9
JavaTutorial_4_2_9,10,10
JavaTutorial_4_2_9,12,12
JavaTutorial_4_2_9,13,13
JavaTutorial_4_2_9,14,14
JavaTutorial_4_3_2,0,0
JavaTutorial_4_3_2,1,1
JavaTutorial_4_3_2,2,2
JavaTutorial_4_3_2,4,17
JavaTutorial_4_3_2,5,5
JavaTutorial_4_3_2,6,6
JavaTutorial_4_3_2,7,7
JavaTutorial_4_3_2,8,8
JavaTutorial_4_3_2,9,9
JavaTutorial_4_3_2,10,10
JavaTutorial_4_3_2,11,11
JavaTutorial_4_3_2,12,12
JavaTutorial_4_3_2,13,13
JavaTutorial_4_3_2,14,14
JavaTutorial_4_3_2,15,15
JavaTutorial_4_3_2,16,16
JavaTutorial_4_3_4,0,0
JavaTutorial_4_3_4,2,2
JavaTutorial_4_3_4,3,3
JavaTutorial_4_3_4,4,14
JavaTutorial_4_3_4,6,6
JavaTutorial_4_3_4,7,7
JavaTutorial_4_3_4,8,8
JavaTutorial_4_3_4,9,9
JavaTutorial_4_3_4,10,10
JavaTutorial_4_3_4,11,11
JavaTutorial_4_3_4,12,12
JavaTutorial_4_3_4,13,13
JavaTutorial_4_3_5,0,0
JavaTutorial_4_3_5,2,2
JavaTutorial_4_3_5,3,3
JavaTutorial_4_3_5,4,20
JavaTutorial_4_3_5,5,5
JavaTutorial_4_3_5,6,6
JavaTutorial_4_3_5,7,16
JavaTutorial_4_3_5,8,8
JavaTutorial_4_3_5,9,9
JavaTutorial_4_3_5,10,10
JavaTutorial_4_3_5,11,11
JavaTutorial_4_3_5,12,12
JavaTutorial_4_3_5,13,13
JavaTutorial_4_3_5,14,14
JavaTutorial_4_3_5,15,15
JavaTutorial_4_3_5,17,17
JavaTutorial_4_3_5,18,18
JavaTutorial_4_3_5,19,19
JavaTutorial_4_3_6,0,0
JavaTutorial_4_3_6,1,1
JavaTutorial_4_3_6,2,2
JavaTutorial_4_3_6,4,14
JavaTutorial_4_3_6,5,5
JavaTutorial_4_3_6,6,6
JavaTutorial_4_3_6,7,7
JavaTutorial_4_3_6,8,8
JavaTutorial_4_3_6,9,9
JavaTutorial_4_3_6,10,10
JavaTutorial_4_3_6,11,11
JavaTutorial_4_3_6,12,12
JavaTutorial_4_3_6,13,13
JavaTutorial_4_4_2,0,0
JavaTutorial_4_4_2,1,1
JavaTutorial_4_4_2,2,2
JavaTutorial_4_4_2,3,3
JavaTutorial_4_4_2,4,4
JavaTutorial_4_4_2,6,"6,7"
JavaTutorial_4_4_2,8,8
JavaTutorial_4_4_2,9,9
JavaTutorial_4_4_3,0,0
JavaTutorial_4_4_3,1,1
JavaTutorial_4_4_3,2,2
JavaTutorial_4_4_3,3,"3,6"
JavaTutorial_4_4_3,4,4
JavaTutorial_4_4_3,5,5
JavaTutorial_4_6_12,0,0
JavaTutorial_4_6_12,1,1
JavaTutorial_4_6_12,2,2
JavaTutorial_4_6_12,3,3
JavaTutorial_4_6_12,5,5
JavaTutorial_4_6_12,6,6
JavaTutorial_4_6_12,8,"8,10"
JavaTutorial_4_6_12,11,11
JavaTutorial_4_6_14,0,0
JavaTutorial_4_6_14,1,1
JavaTutorial_4_6_14,2,2
JavaTutorial_4_6_14,3,"3,4"
JavaTutorial_4_6_14,4,4
JavaTutorial_4_6_14,6,6
JavaTutorial_4_6_14,7,7
JavaTutorial_4_6_14,9,9
JavaTutorial_4_6_14,12,12
JavaTutorial_4_6_14,13,"13,14"
JavaTutorial_4_6_14,14,14
JavaTutorial_4_6_14,16,16
JavaTutorial_4_6_14,17,17
JavaTutorial_4_6_14,19,19
JavaTutorial_4_6_5,0,0
JavaTutorial_4_6_5,2,2
JavaTutorial_4_6_5,4,4
JavaTutorial_4_6_6,0,0
JavaTutorial_4_6_6,2,2
JavaTutorial_4_6_6,3,3
JavaTutorial_4_6_6,4,4
JavaTutorial_4_6_6,5,5
JavaTutorial_4_6_6,6,6
JavaTutorial_4_6_6,8,8
JavaTutorial_4_6_7,0,0
JavaTutorial_4_6_7,1,1
JavaTutorial_4_6_7,2,2
JavaTutorial_4_6_7,3,3
JavaTutorial_4_6_8,0,0
JavaTutorial_4_6_8,1,1
JavaTutorial_4_6_8,2,2
JavaTutorial_4_6_8,3,3
JavaTutorial_4_6_9,0,0
JavaTutorial_4_6_9,2,2
JavaTutorial_4_6_9,3,3
JavaTutorial_4_6_9,4,4
JavaTutorial_4_6_9,6,6
JavaTutorial_4_6_9,7,7
JavaTutorial_4_6_9,9,9
JavaTutorial_4_7_2,0,0
JavaTutorial_4_7_2,1,1
JavaTutorial_4_7_2,2,2
JavaTutorial_4_7_2,4,4
JavaTutorial_4_7_2,5,5
JavaTutorial_4_7_2,6,6
JavaTutorial_4_7_2,9,9
JavaTutorial_4_7_2,11,11
JavaTutorial_4_7_2,12,12
JavaTutorial_4_7_2,14,14
JavaTutorial_4_7_4,0,0
JavaTutorial_4_7_4,2,2
JavaTutorial_4_7_4,4,4
JavaTutorial_4_7_4,5,5
JavaTutorial_4_7_4,7,7
JavaTutorial_4_7_4,8,8
JavaTutorial_4_7_4,9,9
JavaTutorial_4_7_4,10,10
JavaTutorial_4_7_4,12,12
JavaTutorial_4_7_4,13,13
JavaTutorial_4_7_4,14,14
JavaTutorial_4_7_4,15,15
JavaTutorial_4_7_5,0,0
JavaTutorial_4_7_5,1,1
JavaTutorial_4_7_5,2,2
JavaTutorial_4_7_5,3,3
JavaTutorial_4_7_5,4,4
JavaTutorial_4_7_5,5,5
JavaTutorial_4_7_5,6,6
JavaTutorial_4_7_5,8,8
JavaTutorial_4_7_6,0,0
JavaTutorial_4_7_6,1,1
JavaTutorial_4_7_6,2,2
JavaTutorial_4_7_6,3,3
JavaTutorial_4_7_6,4,4
JavaTutorial_4_7_7,0,0
JavaTutorial_4_7_7,1,1
JavaTutorial_4_7_7,2,2
JavaTutorial_4_7_7,3,3
JavaTutorial_4_7_7,4,4
JavaTutorial_4_7_7,5,"5,6"
JavaTutorial_4_7_7,6,6
JavaTutorial_4_7_7,7,7
JavaTutorial_4_7_7,8,"11,8"
JavaTutorial_4_7_7,9,9
JavaTutorial_4_7_7,10,10
JavaTutorial_4_7_7,13,13
JavaTutorial_4_7_8,0,0
JavaTutorial_4_7_8,1,1
JavaTutorial_4_7_8,2,2
JavaTutorial_4_7_8,3,3
JavaTutorial_4_7_8,4,4
JavaTutorial_4_7_8,5,5
JavaTutorial_4_7_8,6,6
JavaTutorial_4_7_8,7,"7,9"
jBankAccount,0,0
jBankAccount,1,1
jBankAccount,3,3
jBankAccount,4,4
jBankAccount,5,5
jBankAccount,6,6
jBankAccount,9,9
jBankAccount,11,11
jBankAccount,18,18
jBankAccount,20,20
jBankAccount,27,27
jBankAccount,29,29
jBankAccount,30,30
jBankAccount,37,37
jBankAccount,39,39
jBankAccount,40,40
jBankAccount,47,47
jBankAccount,49,49
jBankAccount,52,52
jBa_ques,0,0
jBa_ques,1,1
jBa_ques,3,3
jBa_ques,4,4
jBa_ques,5,5
jBa_ques,6,6
jBa_ques,9,9
jBa_ques,11,11
jBa_ques,18,18
jBa_ques,20,20
jBa_ques,27,27
jBa_ques,29,29
jBa_ques,30,30
jBa_ques,37,37
jBa_ques,39,39
jBa_ques,40,40
jBa_ques,47,47
jBa_ques,49,49
jBa_ques,52,52
jBoolean_Method,-1,-1
jBoolean_Method,0,0
jBoolean_Method,1,1
jBoolean_Method,3,3
jBoolean_Method,4,4
jBoolean_Method,5,5
jBoolean_Method,6,"6,7"
jBoolean_Method,7,7
jBoolean_Method,8,"8,9"
jBoolean_Method,9,9
jBoolean_Operators,0,0
jBoolean_Operators,1,1
jBoolean_Operators,3,3
jBoolean_Operators,4,"4,5"
jBoolean_Operators,5,5
jBoolean_Operators2,0,0
jBoolean_Operators2,1,1
jBoolean_Operators2,3,3
jBoolean_Operators2,4,4
jBoolean_Operators2,6,"7,6"
jBoolean_Operators2,7,7
jBoolean_Operators2,8,11
jBoolean_Operators2,9,9
jBoolean_Operators2,11,11
jBoolean_Operators2,13,13
jBoolean_Operators2,18,18
jBoolean_Operators2,20,20
jBoolean_Operators2,27,27
jBoolean_Operators2,29,29
jBoolean_Operators2,30,30
jBoolean_Operators2,37,37
jBoolean_Operators2,39,39
jBoolean_Operators2,40,40
jBoolean_Operators2,47,47
jBoolean_Operators2,49,49
jBoolean_Operators2,52,52
jBoolean_Operators3,0,0
jBoolean_Operators3,1,1
jBoolean_Operators3,2,2
jBoolean_Operators3,3,3
jBoolean_Var,0,0
jBoolean_Var,1,1
jBoolean_Var,2,2
jBoolean_Var,3,"3,4"
jBoolean_Var,4,4
jBoolean_Var,5,5
jClass1,0,0
jClass1,1,1
jClass1,3,3
jClass1,4,4
jClass1,9,9
jClass1,11,11
jClass1,18,18
jClass1,20,20
jClass1,27,27
jClass1,29,29
jClass1,30,30
jClass1,37,37
jClass1,39,39
jClass1,40,40
jClass1,47,47
jClass1,49,49
jClass1,52,52
jClasses4,0,0
jClasses4,1,1
jClasses4,3,3
jClasses4,4,4
jClasses4,5,5
jClasses4,6,6
jClasses4,8,8
jClasses4,10,10
jClasses4,11,11
jClasses4,18,18
jClasses4,20,20
jClasses4,21,21
jClasses4,28,28
jClasses4,30,30
jClasses4,37,37
jClasses4,39,39
jClasses4,40,40
jClasses4,41,41
jClasses4,42,42
jClasses4,44,44
jClasses4,45,45
jClasses_Getter,0,0
jClasses_Getter,1,1
jClasses_Getter,2,2
jClasses_Getter,3,3
jClasses_Getter,4,4
jClasses_Getter,5,5
jClasses_Getter,7,7
jClasses_Getter,8,8
jClasses_Getter,12,12
jClasses_Getter,13,13
jClasses_Getter,14,14
jClasses_Getter,17,17
jClasses_Getter,19,19
jClasses_Getter,22,22
jClasses_Getter,24,24
jClasses_Getter,27,27
jClasses_Getter,29,29
jConstants1,0,0
jConstants1,1,1
jConstants1,3,3
jConstants1,4,4
jConstants1,5,5
jConstants2,0,0
jConstants2,1,1
jConstants2,3,3
jConstants2,4,4
jConstants2,5,5
jConstants3,0,0
jConstants3,1,1
jConstants3,3,3
jConstants4,0,0
jConstants4,1,1
jConstants4,3,3
jConstants4,4,4
jConstants4,8,8
jConstants4,10,10
jConstants4,11,11
jConstants4,18,18
jConstants4,20,20
jConstants4,21,21
jConstants4,28,28
jConstants4,30,30
jConstants4,42,42
jConstants4,43,43
jConstants4,45,45
jConstants4,46,46
jConstants4,53,53
jConstants4,55,55
jConstants4,56,56
jConstants4,57,57
jConstants4,58,58
jConstants4,62,62
jConstants4,63,63
jConstants4,64,64
jConstants4,65,65
jConstants4,67,67
jConstants4,68,68
jConstants5,0,0
jConstants5,1,1
jConstants5,3,3
jConstants5,5,5
jConstants5,6,6
jConstants5,8,8
jConstants5,10,10
jConstants5,11,11
jConstants5,18,18
jConstants5,20,20
jConstants5,21,21
jConstants5,28,28
jConstants5,30,30
jConstants5,42,42
jConstants5,43,43
jConstants5,45,45
jConstants5,46,46
jConstants5,53,53
jConstants5,55,55
jConstants5,56,56
jConstants5,57,57
jConstants5,58,58
jConstants5,62,62
jConstants5,63,63
jConstants5,64,64
jConstants5,65,65
jConstants5,67,67
jConstants5,68,68
jDouble1,0,0
jDouble1,1,1
jDouble1,3,3
jDouble1,4,4
jDowhile1,0,0
jDowhile1,1,1
jDowhile1,3,3
jDowhile1,4,4
jDowhile1,5,7
jDowhile1,6,6
jDowhile1,7,7
jDowhile2,0,0
jDowhile2,1,1
jDowhile2,3,3
jDowhile2,4,4
jDowhile2,5,7
jDowhile2,6,6
jDowhile2,7,7
jDowhile3,0,0
jDowhile3,1,1
jDowhile3,3,3
jDowhile3,4,6
jDowhile3,5,5
jDowhile3,6,6
jDowhile4,0,0
jDowhile4,1,1
jDowhile4,3,3
jDowhile4,4,4
jDowhile4,5,5
jDowhile4,6,6
jDowhile4,8,11
jDowhile4,9,9
jDowhile4,10,10
jDowhile4,11,11
jDowhile4,13,13
jDowhile4,18,18
jDowhile4,20,20
jDowhile4,27,27
jDowhile4,29,29
jDowhile4,30,30
jDowhile4,37,37
jDowhile4,39,39
jDowhile4,40,40
jDowhile4,47,47
jDowhile4,49,49
jDowhile4,52,52
jDowhile6,0,0
jDowhile6,1,1
jDowhile6,3,3
jDowhile6,4,4
jDowhile6,5,8
jDowhile6,6,6
jDowhile6,7,7
jDowhile6,8,8
jDowhile8,0,0
jDowhile8,1,1
jDowhile8,3,3
jDowhile8,4,4
jDowhile8,6,10
jDowhile8,7,7
jDowhile8,8,"8,9"
jDowhile8,9,9
jDowhile8,10,10
jDowhile8,12,"16,12"
jDowhile8,13,13
jDowhile8,14,"14,15"
jDowhile8,15,15
jeg_interface1_v2,0,"0,2"
jeg_interface1_v2,1,1
jeg_interface1_v2,4,4
jeg_interface1_v2,6,6
jeg_interface1_v2,7,7
jeg_interface1_v2,10,10
jeg_interface1_v2,11,11
jeg_interface1_v2,13,13
jExceptions1,0,0
jExceptions1,1,1
jExceptions1,2,2
jExceptions1,3,3
jExceptions1,4,4
jExceptions1,5,5
jExceptions1,6,6
jExceptions1,7,7
jExceptions1,8,8
jExceptions1,9,9
jExceptions1,10,10
jExceptions1,13,13
jExceptions1,14,22
jExceptions1,15,"15,16"
jExceptions1,16,16
jExceptions1,17,"18,17"
jExceptions1,18,18
jExceptions1,19,19
jExceptions1,21,21
jExceptions1,25,25
jExceptions1,26,26
jExceptions1,29,29
jExceptions1,30,36
jExceptions1,31,"32,31"
jExceptions1,32,32
jExceptions1,33,33
jExceptions1,35,35
jExceptions1,39,39
jExceptions1,40,40
jExceptions1,43,43
jExceptions1,44,50
jExceptions1,45,"45,46"
jExceptions1,46,46
jExceptions1,47,47
jExceptions1,49,49
jExceptions1,53,53
jExceptions1,54,54
jExceptions1,55,67
jExceptions1,56,"56,57"
jExceptions1,57,57
jExceptions1,58,"59,58"
jExceptions1,59,59
jExceptions1,60,"61,60"
jExceptions1,61,61
jExceptions1,62,62
jExceptions1,64,64
jExceptions1,66,66
jExceptions1,68,68
jExceptions2,0,0
jExceptions2,1,1
jExceptions2,2,2
jExceptions2,3,3
jExceptions2,4,4
jExceptions2,5,5
jExceptions2,6,6
jExceptions2,7,7
jExceptions2,8,8
jExceptions2,9,9
jExceptions2,10,10
jExceptions2,13,13
jExceptions2,14,22
jExceptions2,15,"16,15"
jExceptions2,16,16
jExceptions2,17,"18,17"
jExceptions2,18,18
jExceptions2,19,19
jExceptions2,21,21
jExceptions2,25,25
jExceptions2,26,26
jExceptions2,29,29
jExceptions2,30,36
jExceptions2,31,"31,32"
jExceptions2,32,32
jExceptions2,33,33
jExceptions2,35,35
jExceptions2,39,39
jExceptions2,40,40
jExceptions2,43,43
jExceptions2,44,50
jExceptions2,45,"45,46"
jExceptions2,46,46
jExceptions2,47,47
jExceptions2,49,49
jExceptions2,53,53
jExceptions2,54,54
jExceptions2,55,67
jExceptions2,56,"57,56"
jExceptions2,57,57
jExceptions2,58,"59,58"
jExceptions2,59,59
jExceptions2,60,"61,60"
jExceptions2,61,61
jExceptions2,62,62
jExceptions2,64,64
jExceptions2,66,66
jExceptions2,68,68
jExceptions3,0,0
jExceptions3,1,1
jExceptions3,2,2
jExceptions3,3,3
jExceptions3,4,4
jExceptions3,5,5
jExceptions3,6,6
jExceptions3,7,7
jExceptions3,8,8
jExceptions3,9,9
jExceptions3,10,10
jExceptions3,13,13
jExceptions3,14,22
jExceptions3,15,"15,16"
jExceptions3,16,16
jExceptions3,17,"17,18"
jExceptions3,18,18
jExceptions3,19,19
jExceptions3,21,21
jExceptions3,25,25
jExceptions3,26,26
jExceptions3,29,29
jExceptions3,30,36
jExceptions3,31,"32,31"
jExceptions3,32,32
jExceptions3,33,33
jExceptions3,35,35
jExceptions3,39,39
jExceptions3,40,40
jExceptions3,43,43
jExceptions3,44,50
jExceptions3,45,"46,45"
jExceptions3,46,46
jExceptions3,47,47
jExceptions3,49,49
jExceptions3,53,53
jExceptions3,54,54
jExceptions3,55,67
jExceptions3,56,"57,56"
jExceptions3,57,57
jExceptions3,58,"59,58"
jExceptions3,59,59
jExceptions3,60,"60,61"
jExceptions3,61,61
jExceptions3,62,62
jExceptions3,64,64
jExceptions3,66,66
jExceptions3,68,68
jExceptions4,0,0
jExceptions4,1,1
jExceptions4,2,2
jExceptions4,3,"3,10"
jExceptions4,4,4
jExceptions4,5,5
jExceptions4,6,6
jExceptions4,7,7
jExceptions4,8,"9,8"
jExceptions4,9,9
jExceptions4,10,"10,11"
jExceptions4,11,11
jExceptions4,12,"13,12"
jExceptions4,13,13
jExceptions4,14,14
jExceptions4,15,15
jExceptions4,18,18
jExceptions4,19,19
jExceptions4,22,22
jExceptions4,23,23
jExceptions5,0,0
jExceptions5,1,1
jExceptions5,2,2
jExceptions5,3,"3,6"
jExceptions5,4,4
jExceptions5,6,6
jExceptions5,7,15
jExceptions5,8,"8,9"
jExceptions5,9,9
jExceptions5,10,"10,11"
jExceptions5,11,11
jExceptions5,12,"12,13"
jExceptions5,13,13
jExceptions5,14,14
jExceptions5,15,15
jExceptions5,18,18
jExceptions5,19,19
jExceptions5,22,22
jExceptions5,23,23
jFor1,0,0
jFor1,1,1
jFor1,3,3
jFor1,4,4
jFor1,5,5
jFor2,0,0
jFor2,1,1
jFor2,3,3
jFor2,4,4
jFor2,5,5
jFor3,0,0
jFor3,1,1
jFor3,3,3
jFor3,4,4
jFor3,5,5
jFor4,0,0
jFor4,1,1
jFor4,2,2
jFor4,3,3
jFor4,4,4
jFor4,5,5
jFor4,6,6
jFor4,9,9
jFor4,11,11
jFor4,18,18
jFor4,20,20
jFor4,27,27
jFor4,29,29
jFor4,30,30
jFor4,37,37
jFor4,39,39
jFor4,40,40
jFor4,47,47
jFor4,49,49
jFor4,52,52
jFor5,0,0
jFor5,1,1
jFor5,3,3
jFor5,4,4
jFor5,5,5
jFor5,7,7
jFor5,9,9
jFor5,11,11
jFor5,12,12
jFor5,14,14
jFor5,15,15
jFor5,16,16
jFor5,24,24
jFor5,26,"26,31"
jFor5,28,28
jFor5,29,29
jFor5,30,30
jFor5,38,38
jFor5,40,40
jFor5,42,42
jFor5,43,43
jFor5,45,45
jFor5,52,52
jFor5,54,54
jFor5,62,62
jFor5,64,64
jFor5,67,67
jFor5,68,68
jFor5,69,69
jIfelse1,0,0
jIfelse1,1,1
jIfelse1,3,3
jIfelse1,4,"4,5"
jIfelse1,5,5
jIfelse2,0,0
jIfelse2,1,1
jIfelse2,3,3
jIfelse2,4,"4,9"
jIfelse2,5,5
jIfelse2,8,8
jIfelse2,9,9
jIfelse2,11,11
jIfelse2,18,18
jIfelse2,20,20
jIfelse2,27,27
jIfelse2,29,29
jIfelse2,30,30
jIfelse2,37,37
jIfelse2,39,39
jIfelse2,40,40
jIfelse2,47,47
jIfelse2,49,49
jIfelse2,52,52
jIfelse3,0,0
jIfelse3,1,1
jIfelse3,3,3
jIfelse3,4,4
jIfelse3,5,"5,10"
jIfelse3,6,6
jIfelse3,7,"10,7"
jIfelse3,8,8
jIfelse3,9,9
jIfelse3,10,10
jIfelse3,11,11
jIfelse3,12,12
jIfelse3,18,18
jIfelse3,20,20
jIfelse3,27,27
jIfelse3,29,29
jIfelse3,30,30
jIfelse3,37,37
jIfelse3,39,39
jIfelse3,40,40
jIfelse3,47,47
jIfelse3,49,49
jIfelse3,52,52
jIfelse4,0,0
jIfelse4,1,1
jIfelse4,3,3
jIfelse4,4,"6,4"
jIfelse4,5,"6,5"
jIfelse4,6,6
jIfelse4,7,7
jIfelse4,9,9
jIfelse4,11,11
jIfelse4,18,18
jIfelse4,20,20
jIfelse4,27,27
jIfelse4,29,29
jIfelse4,30,30
jIfelse4,37,37
jIfelse4,39,39
jIfelse4,40,40
jIfelse4,47,47
jIfelse4,49,49
jIfelse4,52,52
jIfelse5,0,0
jIfelse5,1,1
jIfelse5,3,3
jIfelse5,4,4
jIfelse5,6,"6,15"
jIfelse5,7,"10,7"
jIfelse5,8,8
jIfelse5,10,10
jIfelse5,11,"15,11"
jIfelse5,12,12
jIfelse5,14,14
jIncrement,0,0
jIncrement,1,1
jIncrement,3,3
jIncrement,4,4
jInheritance1,-1,-1
jInheritance1,0,0
jInheritance1,1,1
jInheritance1,2,2
jInheritance1,3,3
jInheritance1,4,4
jInheritance1,5,5
jInheritance1,6,6
jInheritance1,7,7
jInheritance1,8,8
jInheritance1,9,9
jInheritance1,10,10
jInheritance1,11,11
jInheritance1,12,"12,15"
jInheritance1,13,13
jInheritance1,14,14
jInheritance1,15,15
jInheritance1,16,16
jInheritance1,17,17
jInheritance1,18,18
jInheritance1,19,19
jInheritance1,20,20
jInheritance1,21,"21,24"
jInheritance1,22,22
jInheritance1,24,24
jInheritance1,25,25
jInheritance1,26,26
jInheritance1,27,27
jInheritance1,28,28
jInheritance1,29,29
jInheritance1,30,30
jInheritance1,31,31
jInheritance1,32,32
jInheritance1,33,33
jInheritance1,34,34
jInheritance1,35,35
jInheritance2,-1,-1
jInheritance2,0,0
jInheritance2,1,1
jInheritance2,2,2
jInheritance2,3,3
jInheritance2,4,4
jInheritance2,5,5
jInheritance2,6,6
jInheritance2,7,7
jInheritance2,8,8
jInheritance2,9,9
jInheritance2,10,10
jInheritance2,11,"11,18"
jInheritance2,12,"12,15"
jInheritance2,13,"13,18"
jInheritance2,14,14
jInheritance2,15,"15,18"
jInheritance2,16,16
jInheritance2,17,17
jInheritance2,18,18
jInheritance2,19,19
jInheritance2,20,20
jInheritance2,21,"21,24"
jInheritance2,22,22
jInheritance2,24,24
jInheritance2,25,25
jInheritance2,26,26
jInheritance2,27,27
jInheritance2,28,28
jInheritance2,29,29
jInheritance2,30,30
jInheritance2,31,31
jInheritance2,32,32
jInheritance2,33,33
jInheritance2,34,34
jInheritance2,35,35
jInheritance3,-1,-1
jInheritance3,0,0
jInheritance3,1,1
jInheritance3,2,2
jInheritance3,3,3
jInheritance3,4,4
jInheritance3,5,5
jInheritance3,6,6
jInheritance3,7,7
jInheritance3,8,8
jInheritance3,9,9
jInheritance3,10,10
jInheritance3,11,11
jInheritance3,12,"12,15"
jInheritance3,13,13
jInheritance3,14,14
jInheritance3,15,15
jInheritance3,16,16
jInheritance3,17,17
jInheritance3,18,18
jInheritance3,19,19
jInheritance3,20,20
jInheritance3,21,"24,21"
jInheritance3,22,22
jInheritance3,24,24
jInheritance3,25,25
jInheritance3,26,26
jInheritance3,27,27
jInheritance3,28,28
jInheritance3,29,29
jInheritance3,30,30
jInheritance3,31,31
jInheritance3,32,32
jInheritance3,33,33
jInheritance3,34,34
jInheritance3,35,35
jInheritance4,-1,-1
jInheritance4,0,0
jInheritance4,1,1
jInheritance4,2,2
jInheritance4,3,3
jInheritance4,4,4
jInheritance4,5,5
jInheritance4,6,6
jInheritance4,7,7
jInheritance4,8,8
jInheritance4,9,9
jInheritance4,10,10
jInheritance4,11,11
jInheritance4,12,"12,15"
jInheritance4,13,13
jInheritance4,14,14
jInheritance4,15,15
jInheritance4,16,16
jInheritance4,17,17
jInheritance4,18,18
jInheritance4,19,19
jInheritance4,20,20
jInheritance4,21,"24,21"
jInheritance4,22,22
jInheritance4,24,24
jInheritance4,25,25
jInheritance4,26,26
jInheritance4,27,27
jInheritance4,28,28
jInheritance4,29,29
jInheritance4,30,30
jInheritance4,31,31
jInheritance4,32,32
jInheritance4,33,33
jInheritance4,34,34
jInheritance4,35,35
jInheritance5,-1,-1
jInheritance5,0,0
jInheritance5,1,1
jInheritance5,2,2
jInheritance5,3,3
jInheritance5,4,4
jInheritance5,5,5
jInheritance5,6,6
jInheritance5,7,7
jInheritance5,8,8
jInheritance5,9,9
jInheritance5,10,10
jInheritance5,11,11
jInheritance5,12,"12,15"
jInheritance5,13,13
jInheritance5,14,14
jInheritance5,15,15
jInheritance5,16,16
jInheritance5,17,17
jInheritance5,18,18
jInheritance5,19,19
jInheritance5,20,20
jInheritance5,21,"21,24"
jInheritance5,22,22
jInheritance5,24,24
jInheritance5,25,25
jInheritance5,26,26
jInheritance5,27,27
jInheritance5,28,28
jInheritance5,29,29
jInheritance5,30,30
jInheritance5,31,31
jInheritance5,32,32
jInheritance5,33,33
jInheritance5,34,34
jInheritance5,35,35
jInheritance6,-1,-1
jInheritance6,0,0
jInheritance6,1,1
jInheritance6,2,2
jInheritance6,3,3
jInheritance6,4,4
jInheritance6,5,5
jInheritance6,6,6
jInheritance6,7,7
jInheritance6,8,8
jInheritance6,9,9
jInheritance6,10,10
jInheritance6,11,"11,14"
jInheritance6,12,"15,12"
jInheritance6,13,13
jInheritance6,14,14
jInheritance6,15,15
jInheritance6,16,"16,19"
jInheritance6,17,17
jInheritance6,18,18
jInheritance6,19,19
jInheritance6,20,20
jInheritance6,21,"21,24"
jInheritance6,22,22
jInheritance6,24,24
jInheritance6,25,25
jInheritance6,26,26
jInheritance6,27,27
jInheritance6,28,28
jInheritance6,29,29
jInheritance6,30,30
jInheritance6,31,31
jInheritance6,32,32
jInheritance6,33,33
jInheritance6,34,34
jInheritance6,35,35
jInteger1,0,0
jInteger1,1,1
jInteger1,3,3
jInterfaces1,-1,-1
jInterfaces1,0,0
jInterfaces1,1,1
jInterfaces1,2,2
jInterfaces1,3,3
jInterfaces1,4,4
jInterfaces1,5,5
jInterfaces1,6,6
jInterfaces1,7,7
jInterfaces1,8,8
jInterfaces1,10,10
jInterfaces1,11,11
jInterfaces1,12,12
jInterfaces1,13,13
jInterfaces1,15,15
jInterfaces1,16,16
jInterfaces1,17,17
jInterfaces1,19,19
jInterfaces1,20,20
jInterfaces1,21,21
jInterfaces1,23,23
jInterfaces1,24,24
jInterfaces1,25,"25,26"
jInterfaces1,26,26
jInterfaces1,28,"28,29"
jInterfaces1,29,29
jInterfaces1,32,32
jInterfaces1,33,33
jInterfaces1,35,"36,35"
jInterfaces1,36,36
jInterfaces1,37,37
jInterfaces1,38,"38,39"
jInterfaces1,39,39
jInterfaces1,40,40
jInterfaces1,41,"41,42"
jInterfaces1,42,42
jInterfaces1,44,44
jInterfaces1,46,"47,46"
jInterfaces1,47,47
jInterfaces1,49,"49,50"
jInterfaces1,50,50
jInterfaces1,56,56
jInterfaces1,57,57
jInterfaces1,58,"58,59"
jInterfaces1,59,59
jInterfaces1,60,"61,60"
jInterfaces1,61,61
jInterfaces1,62,"63,62"
jInterfaces1,63,63
jInterfaces1,64,64
jInterfaces2,-1,-1
jInterfaces2,0,0
jInterfaces2,1,1
jInterfaces2,3,3
jInterfaces2,4,4
jInterfaces2,5,5
jInterfaces2,6,6
jInterfaces2,7,7
jInterfaces2,8,8
jInterfaces2,9,9
jInterfaces2,10,10
jInterfaces2,11,11
jInterfaces2,12,12
jInterfaces2,13,13
jInterfaces2,15,15
jInterfaces2,16,16
jInterfaces2,17,17
jInterfaces2,19,19
jInterfaces2,20,20
jInterfaces2,21,21
jInterfaces2,23,23
jInterfaces2,24,24
jInterfaces2,25,"26,25"
jInterfaces2,26,26
jInterfaces2,28,"28,29"
jInterfaces2,29,29
jInterfaces2,32,32
jInterfaces2,33,33
jInterfaces2,35,"35,36"
jInterfaces2,36,36
jInterfaces2,37,37
jInterfaces2,38,"39,38"
jInterfaces2,39,39
jInterfaces2,40,40
jInterfaces2,41,"41,42"
jInterfaces2,42,42
jInterfaces2,44,44
jInterfaces2,46,"46,47"
jInterfaces2,47,47
jInterfaces2,49,"50,49"
jInterfaces2,50,50
jInterfaces2,56,56
jInterfaces2,57,57
jInterfaces2,58,"59,58"
jInterfaces2,59,59
jInterfaces2,60,"61,60"
jInterfaces2,61,61
jInterfaces2,62,"62,63"
jInterfaces2,63,63
jInterfaces2,64,64
jInterfaces3,-1,-1
jInterfaces3,0,0
jInterfaces3,1,1
jInterfaces3,3,3
jInterfaces3,4,4
jInterfaces3,5,5
jInterfaces3,6,6
jInterfaces3,7,7
jInterfaces3,8,8
jInterfaces3,9,"9,10"
jInterfaces3,10,10
jInterfaces3,11,11
jInterfaces3,12,12
jInterfaces3,13,13
jInterfaces3,14,"14,17"
jInterfaces3,15,15
jInterfaces3,16,16
jInterfaces3,17,17
jInterfaces3,19,19
jInterfaces3,20,20
jInterfaces3,21,21
jInterfaces3,22,22
jInterfaces3,23,23
jInterfaces3,24,24
jInterfaces3,25,"25,26"
jInterfaces3,26,26
jInterfaces3,27,27
jInterfaces3,28,"28,29"
jInterfaces3,29,29
jInterfaces3,32,32
jInterfaces3,33,33
jInterfaces3,35,"36,35"
jInterfaces3,36,36
jInterfaces3,37,37
jInterfaces3,38,"39,38"
jInterfaces3,39,39
jInterfaces3,40,40
jInterfaces3,41,"41,42"
jInterfaces3,42,42
jInterfaces3,44,44
jInterfaces3,46,"47,46"
jInterfaces3,47,47
jInterfaces3,49,"50,49"
jInterfaces3,50,50
jInterfaces3,56,56
jInterfaces3,57,57
jInterfaces3,58,"59,58"
jInterfaces3,59,59
jInterfaces3,60,"60,61"
jInterfaces3,61,61
jInterfaces3,62,"63,62"
jInterfaces3,63,63
jInterfaces3,64,64
jInterfaces4,-1,-1
jInterfaces4,0,0
jInterfaces4,1,1
jInterfaces4,3,3
jInterfaces4,4,4
jInterfaces4,5,5
jInterfaces4,6,"6,7"
jInterfaces4,7,7
jInterfaces4,8,8
jInterfaces4,9,9
jInterfaces4,10,10
jInterfaces4,11,11
jInterfaces4,12,12
jInterfaces4,13,13
jInterfaces4,14,"14,17"
jInterfaces4,15,15
jInterfaces4,16,16
jInterfaces4,17,17
jInterfaces4,19,19
jInterfaces4,20,20
jInterfaces4,21,21
jInterfaces4,22,22
jInterfaces4,23,23
jInterfaces4,24,24
jInterfaces4,25,"25,26"
jInterfaces4,26,26
jInterfaces4,27,27
jInterfaces4,28,"28,29"
jInterfaces4,29,29
jInterfaces4,32,32
jInterfaces4,33,33
jInterfaces4,35,"36,35"
jInterfaces4,36,36
jInterfaces4,37,37
jInterfaces4,38,"39,38"
jInterfaces4,39,39
jInterfaces4,40,40
jInterfaces4,41,"41,42"
jInterfaces4,42,42
jInterfaces4,44,44
jInterfaces4,46,"46,47"
jInterfaces4,47,47
jInterfaces4,49,"50,49"
jInterfaces4,50,50
jInterfaces4,56,56
jInterfaces4,57,57
jInterfaces4,58,"58,59"
jInterfaces4,59,59
jInterfaces4,60,"61,60"
jInterfaces4,61,61
jInterfaces4,62,"62,63"
jInterfaces4,63,63
jInterfaces4,64,64
jInterfaces5,-1,-1
jInterfaces5,0,0
jInterfaces5,1,1
jInterfaces5,3,3
jInterfaces5,4,4
jInterfaces5,5,5
jInterfaces5,6,6
jInterfaces5,7,7
jInterfaces5,8,8
jInterfaces5,9,9
jInterfaces5,10,10
jInterfaces5,11,11
jInterfaces5,12,"12,13"
jInterfaces5,13,13
jInterfaces5,14,"14,17"
jInterfaces5,15,15
jInterfaces5,16,16
jInterfaces5,17,"17,18"
jInterfaces5,18,18
jInterfaces5,19,19
jInterfaces5,20,20
jInterfaces5,21,21
jInterfaces5,22,22
jInterfaces5,23,23
jInterfaces5,24,24
jInterfaces5,25,"25,26"
jInterfaces5,26,26
jInterfaces5,27,27
jInterfaces5,28,"28,29"
jInterfaces5,29,29
jInterfaces5,32,32
jInterfaces5,33,33
jInterfaces5,35,"36,35"
jInterfaces5,36,36
jInterfaces5,37,37
jInterfaces5,38,"38,39"
jInterfaces5,39,39
jInterfaces5,40,40
jInterfaces5,41,"41,42"
jInterfaces5,42,42
jInterfaces5,44,44
jInterfaces5,46,"46,47"
jInterfaces5,47,47
jInterfaces5,49,"49,50"
jInterfaces5,50,50
jInterfaces5,56,56
jInterfaces5,57,57
jInterfaces5,58,"59,58"
jInterfaces5,59,59
jInterfaces5,60,"60,61"
jInterfaces5,61,61
jInterfaces5,62,"63,62"
jInterfaces5,63,63
jInterfaces5,64,64
jInt_Long,0,0
jInt_Long,1,1
jInt_Long,3,3
jInt_Long,4,4
jj,0,0
jMathFuc1,0,0
jMathFuc1,1,1
jMathFuc1,3,3
jMathFuc2,0,0
jMathFuc2,1,1
jMathFuc2,3,3
jNested1,0,0
jNested1,1,1
jNested1,3,3
jNested1,4,4
jNested1,5,"7,5"
jNested1,6,6
jNested2,0,0
jNested2,1,1
jNested2,2,2
jNested2,3,3
jNested2,4,"4,5"
jNested2,5,5
jNested2,7,7
jNested3,0,0
jNested3,1,1
jNested3,2,2
jNested3,3,3
jNested3,4,4
jNested3,5,5
jNested3,6,"8,6"
jNested3,7,7
jNested3,9,9
jNested3,11,11
jNested3,18,18
jNested3,20,20
jNested3,27,27
jNested3,29,29
jNested3,30,30
jNested3,37,37
jNested3,39,39
jNested3,40,40
jNested3,47,47
jNested3,49,49
jNested3,52,52
jObjects1,0,0
jObjects1,1,1
jObjects1,2,2
jObjects1,3,3
jObjects1,4,4
jObjects2,0,0
jObjects2,1,1
jObjects2,2,2
jObjects2,3,3
jObjects2,4,4
jObjects2,5,5
jObjects2,6,6
jObjects2,7,7
jObjects3,0,0
jObjects3,1,1
jObjects3,2,2
jObjects3,3,3
jObjects3,4,4
jObjects3,5,5
jObjects4,0,0
jObjects4,1,1
jObjects4,3,3
jObjects4,4,4
jObjects5,0,0
jObjects5,1,1
jObjects5,2,2
jObjects5,3,3
jOperator1,0,0
jOperator1,1,1
jOperator1,3,3
jPrimitive_Float,0,0
jPrimitive_Float,1,1
jPrimitive_Float,3,3
jString1,0,0
jString1,1,1
jString1,2,2
jString1,3,3
jString1,4,4
jString2,0,0
jString2,1,1
jString2,2,2
jString2,3,3
jString2,4,4
jString2,5,5
jString2,6,6
jString2,7,7
jString2,8,8
jString3,-1,-1
jString3,0,0
jString3,1,1
jString3,2,2
jString3,3,3
jString3,4,4
jString4,0,0
jString4,1,1
jString4,2,2
jString4,3,3
jString4,4,4
jString5,-1,-1
jString5,0,0
jString5,1,1
jString5,2,2
jString5,3,3
jString5,4,4
jString6,0,0
jString6,1,1
jString6,2,2
jString_to_Double,0,0
jString_to_Double,1,1
jString_to_Double,3,3
jString_to_Double,4,4
jString_to_Int,0,0
jString_to_Int,1,1
jString_to_Int,3,3
jString_to_Int,4,4
jSwitch1,0,0
jSwitch1,1,1
jSwitch1,2,2
jSwitch1,3,21
jSwitch1,4,4
jSwitch1,5,5
jSwitch1,6,6
jSwitch1,7,7
jSwitch1,8,8
jSwitch1,9,9
jSwitch1,10,10
jSwitch1,11,11
jSwitch1,12,12
jSwitch1,13,13
jSwitch1,14,14
jSwitch1,15,15
jSwitch1,16,16
jSwitch1,17,17
jSwitch1,18,18
jSwitch1,19,19
jSwitch1,20,20
jSwitch2,0,0
jSwitch2,1,1
jSwitch2,3,3
jSwitch2,4,4
jSwitch2,5,16
jSwitch2,6,6
jSwitch2,7,7
jSwitch2,8,8
jSwitch2,9,9
jSwitch2,10,10
jSwitch2,11,11
jSwitch2,12,12
jSwitch2,13,13
jSwitch2,14,14
jSwitch2,15,15
jSwitch3,0,0
jSwitch3,1,1
jSwitch3,3,3
jSwitch3,4,4
jSwitch3,6,18
jSwitch3,7,7
jSwitch3,8,8
jSwitch3,9,9
jSwitch3,10,10
jSwitch3,11,11
jSwitch3,12,12
jSwitch3,13,13
jSwitch3,14,14
jSwitch3,15,15
jSwitch3,16,16
jSwitch3,17,17
jVariable1,0,0
jVariable1,1,1
jVariable1,3,3
jVariable1,4,4
jVariables1,0,0
jVariables1,1,1
jVariables1,3,3
jVariables1,4,4
jVariables2,0,0
jVariables2,1,1
jVariables2,3,3
jVariables2,4,4
jVariables3,0,0
jVariables3,1,1
jVariables3,2,2
jVariables3,3,3
jVariables4,0,0
jVariables4,1,1
jVariables4,2,2
jVariables4,3,3
jVariables4,4,4
jVariables5,0,0
jVariables5,1,1
jVariables5,2,2
jVariables5,3,3
jWhile1,0,0
jWhile1,1,1
jWhile1,3,3
jWhile1,4,"4,5"
jWhile1,5,5
jWhile2,0,0
jWhile2,1,1
jWhile2,3,3
jWhile2,4,"4,5"
jWhile2,5,5
jWhile3,0,0
jWhile3,1,1
jWhile3,3,3
jWhile3,4,4
jWhile3,6,"6,9"
jWhile3,7,7
jWhile3,8,8
jWhile3,10,10
jWhile4,0,0
jWhile4,1,1
jWhile4,3,3
jWhile4,4,4
jWhile4,5,"9,5"
jWhile4,6,"7,6"
jWhile4,7,7
jWhile4,8,8
jWhile5,0,0
jWhile5,1,1
jWhile5,3,3
jWhile5,4,4
jWhile5,6,6
jWhile5,8,8
jWhile5,10,10
jWhile5,12,12
jWhile5,14,14
jWhile5,15,15
jWhile5,16,16
jWhile5,24,24
jWhile5,26,"26,31"
jWhile5,28,28
jWhile5,29,29
jWhile5,30,30
jWhile5,38,38
jWhile5,40,40
jWhile5,42,42
jWhile5,43,43
jWhile5,45,45
jWhile5,52,52
jWhile5,54,54
jWhile5,62,62
jWhile5,64,64
jWhile5,67,67
jWhile5,68,68
jWhile5,69,69
jWrapper_Class1,-1,-1
jWrapper_Class1,0,0
jWrapper_Class1,1,1
jWrapper_Class1,3,3
jWrapper_Class1,4,4
jWrapper_Class1,6,6
jWrapper_Class2,-1,-1
jWrapper_Class2,0,0
jWrapper_Class2,2,2
jWrapper_Class2,4,4
jWrapper_Class2,5,5
jWrapper_Class2,6,6
jWrapper_Class2,8,8
jWrapper_Class2,10,10
jWrapper_Class3,-1,-1
jWrapper_Class3,0,0
jWrapper_Class3,2,2
jWrapper_Class3,4,4
jWrapper_Class3,6,6
jWrapper_Class3,7,7
jWrapper_Class3,9,9
jWrapper_Class3,10,10
jWrapper_Class3,11,11
jWrapper_Class3,12,12
jWrapper_Class3,14,14
jWrapper_Class3,15,15
jWrapper_Class3,17,17
jWrapper_Class4,-1,-1
jWrapper_Class4,0,0
jWrapper_Class4,2,2
jWrapper_Class4,4,4
jWrapper_Class4,6,6
jWrapper_Class4,7,7
jWrapper_Class4,8,8
jWrapper_Class4,9,9
jWrapper_Class4,10,10
jWrapper_Class4,11,11
jWrapper_Class4,12,12
jWrapper_Class4,13,13
jWrapper_Class4,14,14
jWrapper_Class4,15,15
jWrapper_Class4,17,17
jWrapper_Class4,18,18
jWrapper_Class4,19,19
jWrapper_Class4,20,20
jWrapper_Class4,22,22
jWrapper_Class4,23,23
jWrapper_Class4,25,25
jWrapper_Class4,26,26
jWrapper_Class4,30,30
jWrapper_Class4,32,32
jWrapper_Class4,33,33
jWrapper_Class4,41,41
jWrapper_Class4,43,43
jWrapper_Class4,44,44
jWrapper_Class4,51,51
jWrapper_Class4,53,53
jWrapper_Class4,60,60
jWrapper_Class4,62,62
jWrapper_Class4,63,63
jWrapper_Class4,70,70
jWrapper_Class4,72,72
jWrapper_Class4,73,73
jWrapper_Class4,80,80
jWrapper_Class4,82,82
jWrapper_Class4,85,85
jWrapper_Class4,86,86
logical_operators_v2,0,0
logical_operators_v2,1,1
logical_operators_v2,3,3
logical_operators_v2,4,4
MathFunction_v2,0,0
MathFunction_v2,2,2
MathFunction_v2,4,4
MathFunction_v2,5,5
MathFunction_v2,6,6
MathFunction_v2,7,7
MathFunction_v2,8,8
mr66,0,0
mr66,2,2
mr66,3,3
mrdf2,0,0
mrdf2,2,2
mrdf2,3,3
mrdf2,5,5
nested_loops2_v2,0,0
nested_loops2_v2,2,2
nested_loops2_v2,4,4
nested_loops2_v2,5,"5,7"
nested_loops2_v2,6,6
nested_loops2_v2,8,8
nested_loops_v2,0,0
nested_loops_v2,2,2
nested_loops_v2,4,4
nested_loops_v2,5,"5,7"
nested_loops_v2,6,6
nested_loops_v2,8,8
OperatorExample_v2,0,0
OperatorExample_v2,1,1
OperatorExample_v2,2,2
OperatorExample_v2,3,3
OperatorExample_v2,4,4
OperatorExample_v2,6,6
OperatorExample_v2,7,7
OperatorExample_v2,8,8
override_v2,0,0
override_v2,1,1
override_v2,2,2
override_v2,6,6
override_v2,7,7
override_v2,8,8
Point_v2,0,0
Point_v2,1,1
Point_v2,2,2
Point_v2,4,4
Point_v2,5,5
Point_v2,6,6
poly_v2,0,0
poly_v2,1,1
poly_v2,2,2
poly_v2,6,6
poly_v2,7,7
poly_v2,8,8
poly_v2,11,11
poly_v2,12,12
poly_v2,16,16
poly_v2,17,17
poly_v2,18,18
poly_v2,19,19
poly_v2,20,20
poly_v2,21,21
poly_v2,22,22
poly_v2,23,23
poly_v2,24,24
PrimitiveDataTypes_v2,0,0
PrimitiveDataTypes_v2,2,2
PrimitiveDataTypes_v2,4,4
PrimitiveDataTypes_v2,5,5
PrimitiveDataTypes_v2,6,6
PrimitiveDataTypes_v2,7,7
PrimitiveDataTypes_v2,8,8
PrimitiveDataTypes_v2,9,9
PrimitiveDataTypes_v2,10,10
PrimitiveDataTypes_v2,11,11
Rectangle_v2,0,0
Rectangle_v2,1,1
Rectangle_v2,2,2
Rectangle_v2,3,3
Rectangle_v2,6,6
Rectangle_v2,7,7
Rectangle_v2,9,9
Rectangle_v2,10,10
Rectangle_v2,12,12
Rectangle_v2,13,13
Rectangle_v2,14,14
Rectangle_v2,15,15
Rectangle_v2,17,17
Rectangle_v2,18,18
Rectangle_v2,19,19
Rectangle_v2,20,20
Rectangle_v2,24,24
Rectangle_v2,25,25
Rectangle_v2,26,26
Rectangle_v2,30,30
Rectangle_v2,31,31
relational_operators_v2,0,0
relational_operators_v2,2,2
relational_operators_v2,4,4
relational_operators_v2,5,5
relational_operators_v2,6,6
relational_operators_v2,7,7
relational_operators_v2,8,8
relational_operators_v2,9,9
simple_inheritance_1,0,0
simple_inheritance_1,1,1
simple_inheritance_1,2,2
simple_inheritance_1,4,4
simple_inheritance_1,5,5
simple_inheritance_1,7,7
simple_inheritance_1,8,8
simple_inheritance_1,12,12
simple_inheritance_1,16,16
simple_inheritance_1,17,17
simple_inheritance_1,18,18
simple_inheritance_1,19,19
simple_inheritance_1,20,20
simple_inheritance_1,21,21
StringExample_v2,0,0
StringExample_v2,1,1
StringExample_v2,3,3
StringExample_v2,4,4
StringExample_v2,5,5
StringExample_v2,7,7
StringExample_v2,8,8
StringExample_v2,9,9
string_comparison_v2,0,0
string_comparison_v2,2,2
string_comparison_v2,4,4
string_comparison_v2,5,5
string_comparison_v2,6,6
string_comparison_v2,7,7
string_comparison_v2,9,"9,10"
string_comparison_v2,10,10
string_comparison_v2,12,12
string_comparison_v2,13,13
string_comparison_v2,14,14
string_length_v2,0,0
string_length_v2,2,2
string_length_v2,4,4
string_length_v2,5,5
substring_v2,0,0
substring_v2,2,2
substring_v2,4,4
substring_v2,5,5
switch_v2,0,0
switch_v2,1,1
switch_v2,3,3
switch_v2,4,9
switch_v2,5,5
switch_v2,6,6
switch_v2,7,7
switch_v2,8,8
test,0,0
Test,1,1
Test,3,3
Test,4,4
test03,0,0
test03,2,2
Tester,0,0
Tester,1,1
Tester,3,3
Tester,4,4
testertester,0,0
testertester,1,1
testertester,2,2
testertester,3,3
testertester,4,4
testertester,5,5
testertester,6,6
testertester,7,7
testertester,9,9
testertester,11,"11,14"
testertester,12,12
testertester,14,14
testertester,16,"19,16"
testertester,17,17
testertester,19,19
testertester,21,"24,21"
testertester,22,22
testertester,24,24
"Testing Rectange",0,0
"Testing Rectange",1,1
"Testing Rectange",2,2
"Testing Rectange",3,3
"Testing Rectange",4,4
testParam,0,0
testParam,1,1
testParam,3,3
testParam,4,4
testParam,5,5
testRDF,0,0
testrdf,1,1
testRDF,2,2
testRDF,4,4
testRDF,5,5
testRDF2,0,0
testRDF2,2,2
testRDF2,4,4
testtest,0,0
testtest,1,1
testtest,2,2
testtest,3,3
testtest,4,4
testtest,5,5
testtest,6,6
testtest,7,7
testtest,8,8
testtest,9,9
testtest,10,"10,13"
testtest,11,11
testtest,12,"12,15"
testtest,13,13
testtest,14,14
testtest,15,15
testtest,16,16
testtest,17,17
testtest,18,18
testtest,19,19
testtest,20,20
testtest,21,"21,24"
testtest,22,22
testtest,24,24
testtest,25,25
testtest,26,26
testtest,27,27
testtest,28,28
testtest,29,29
testtest,30,30
testtest,31,31
testtest,32,32
testtest,33,33
testtest,34,34
testtest,35,35
testtest,41,41
testtest,43,43
testtest,44,44
testtest,51,51
testtest,53,53
testtest,60,60
testtest,62,62
testtest,63,63
testtest,70,70
testtest,72,72
testtest,73,73
testtest,80,80
testtest,82,82
testtest,85,85
testtest,86,86
TypeCasting_v2,0,0
TypeCasting_v2,2,2
TypeCasting_v2,4,4
TypeCasting_v2,5,5
TypeCasting_v2,6,6
TypeCasting_v2,7,7
use_2darray_v2,0,0
use_2darray_v2,1,1
use_2darray_v2,2,2
use_2darray_v2,3,3
use_array_v2,0,0
use_array_v2,2,2
use_array_v2,4,4
use_array_v2,5,5
use_array_v2,6,6
using_array_v2,1,1
using_array_v2,3,3
using_array_v2,5,5
using_array_v2,6,6
using_array_v2,7,7
variables1_v2,0,0
variables1_v2,2,2
variables1_v2,4,4
variables1_v2,5,5
variables1_v2,6,6
variables2_v2,0,0
variables2_v2,2,2
variables2_v2,4,4
variables2_v2,5,5
variables2_v2,6,6
variables2_v2,7,7
v_1,0,0
v_1,2,2
v_2,0,0
v_2,2,2
while_v2,0,0
while_v2,1,1
while_v2,2,2
while_v2,3,"3,6"
while_v2,4,4
while_v2,5,5
wrapper_class_v2,-1,-1
wrapper_class_v2,0,0
wrapper_class_v2,1,1
wrapper_class_v2,2,2
wrapper_class_v2,3,3
wrapper_class_v2,4,4
wrapper_class_v2,5,5
wrapper_class_v2,6,6
wrapper_class_v2,7,7
wrapper_class_v2,8,8
yuntest03BankAccount.java,3,3
yuntest03BankAccount.java,4,4
yuntest03BankAccount.java,8,8
yuntest03BankAccount.java,9,9
yuntest03BankAccount.java,10,10
yuntest03BankAccount.java,11,11
yuntest03BankAccount.java,18,18
yuntest03BankAccount.java,20,20
yuntest03BankAccount.java,21,21
yuntest03BankAccount.java,27,27
yuntest03BankAccount.java,28,28
yuntest03BankAccount.java,29,29
yuntest03BankAccount.java,30,30
yuntest03BankAccount.java,37,37
yuntest03BankAccount.java,39,39
yuntest03BankAccount.java,40,40
yuntest03BankAccount.java,42,42
yuntest03BankAccount.java,43,43
yuntest03BankAccount.java,45,45
yuntest03BankAccount.java,46,46
yuntest03BankAccount.java,47,47
yuntest03BankAccount.java,49,49
yuntest03BankAccount.java,52,52
yuntest03BankAccount.java,53,53
yuntest03BankAccount.java,55,55
yuntest03BankAccount.java,56,56
yuntest03BankAccount.java,57,57
yuntest03BankAccount.java,58,58
yuntest03BankAccount.java,60,60
yuntest03BankAccount.java,62,62
yuntest03BankAccount.java,63,63
yuntest03BankAccount.java,64,64
yuntest03BankAccount.java,65,65
yuntest03BankAccount.java,67,67
yuntest03BankAccount.java,68,68
yuntest03BankAccount.java,69,69
yuntest03BankAccount.java,76,76
yuntest03BankAccount.java,78,78
yuntest03BankAccount.java,79,79
yuntest03BankAccount.java,86,86
yuntest03BankAccount.java,88,88
yuntest03BankAccount.java,89,89
