user_id,"concat(question_name,eid)",rating
dmb72,j2d_arrays1237,2
dmb72,j2d_arrays1243,3
dmb72,j2d_arrays1500,0
dmb72,j2d_arrays1468,0
dmb72,j2d_arrays1488,0
dmb72,j2d_arrays1490,0
dmb72,j2d_arrays1491,0
dmb72,j2d_arrays1493,0
dmb72,j2d_arrays1494,0
dmb72,j2d_arrays1244,3
dmb72,j2d_arrays1239,2
dmb72,j2d_arrays1238,2
dmb72,j2d_arrays1208,0
dmb72,jarray1237,2
dmb72,jarray1243,0
dmb72,jarray1500,0
dmb72,jarray1469,0
dmb72,jarray1484,0
dmb72,jarray1487,0
dmb72,jarray1488,2
dmb72,jarray1490,2
dmb72,jarray1491,1
dmb72,jarray1493,2
dmb72,jarray1244,0
dmb72,jarray1239,3
dmb72,jarray1238,3
dmb72,jarray2237,2
dmb72,jarray2243,0
dmb72,jarray2500,0
dmb72,jarray2469,1
dmb72,jarray2485,1
dmb72,jarray2490,2
dmb72,jarray2244,0
dmb72,jarray2239,3
dmb72,jarray2238,3
dmb72,jarray4237,2
dmb72,jarray4243,1
dmb72,jarray4500,1
dmb72,jarray4484,1
dmb72,jarray4485,1
dmb72,jarray4491,2
dmb72,jarray4236,1
dmb72,jarray4235,1
dmb72,jarray4244,1
dmb72,jarray4239,3
dmb72,jarray4238,3
dmb72,jbankaccount240,0
dmb72,jbankaccount212,2
dmb72,jbankaccount210,3
dmb72,jbankaccount501,1
dmb72,jbankaccount480,0
dmb72,jbankaccount489,0
dmb72,jbankaccount220,0
dmb72,jbankaccount213,1
dmb72,jbankaccount211,1
dmb72,jbankaccount502,1
dmb72,jbankaccount215,0
dmb72,jbankaccount207,1
dmb72,jba_ques240,0
dmb72,jba_ques212,3
dmb72,jba_ques210,3
dmb72,jba_ques498,1
dmb72,jba_ques501,1
dmb72,jba_ques480,0
dmb72,jba_ques213,0
dmb72,jba_ques211,2
dmb72,jba_ques207,1
dmb72,jboolean_operators1230,2
dmb72,jboolean_operators1231,2
dmb72,jboolean_operators1463,2
dmb72,jboolean_operators1464,3
dmb72,jboolean_operators1469,2
dmb72,jboolean_operators1473,3
dmb72,jboolean_operators1487,0
dmb72,jboolean_var229,3
dmb72,jboolean_var230,3
dmb72,jboolean_var231,3
dmb72,jboolean_var463,2
dmb72,jboolean_var219,0
dmb72,jboolean_var469,1
dmb72,jboolean_var214,2
dmb72,jboolean_var494,2
dmb72,jclass1212,2
dmb72,jclass1501,1
dmb72,jclass1213,2
dmb72,jclass1211,1
dmb72,jclass1494,0
dmb72,jclass1215,0
dmb72,jclass1207,1
dmb72,jclass1208,0
dmb72,jclasses_constructor212,3
dmb72,jclasses_constructor210,3
dmb72,jclasses_constructor501,1
dmb72,jclasses_constructor480,0
dmb72,jclasses_constructor213,1
dmb72,jclasses_constructor211,2
dmb72,jclasses_constructor502,0
dmb72,jclasses_constructor207,0
dmb72,jdouble1218,3
dmb72,jdouble1498,0
dmb72,jdouble1468,1
dmb72,jdouble1489,0
dmb72,jdouble1220,2
dmb72,jdouble1215,3
dmb72,jdouble1207,1
dmb72,jdouble1208,2
dmb72,jfor1234,3
dmb72,jfor1469,0
dmb72,jfor1482,2
dmb72,jfor1484,1
dmb72,jfor1485,1
dmb72,jfor1486,1
dmb72,jfor1487,1
dmb72,jfor1236,2
dmb72,jfor1239,1
dmb72,jfor1238,2
dmb72,jfor2218,0
dmb72,jfor2230,0
dmb72,jfor2234,3
dmb72,jfor2484,1
dmb72,jfor2485,1
dmb72,jfor2487,1
dmb72,jfor2236,2
dmb72,jfor2494,0
dmb72,jfor2239,1
dmb72,jfor2238,2
dmb72,jif_else1230,1
dmb72,jif_else1463,3
dmb72,jif_else1225,3
dmb72,jif_else1226,2
dmb72,jif_else1469,3
dmb72,jif_else1221,0
dmb72,jif_else5218,1
dmb72,jif_else5230,1
dmb72,jif_else5465,3
dmb72,jif_else5225,2
dmb72,jif_else5226,2
dmb72,jif_else5469,2
dmb72,jif_else5235,0
dmb72,jif_else5221,1
dmb72,jincrement219,3
dmb72,jincrement468,0
dmb72,jincrement469,0
dmb72,jincrement473,2
dmb72,jincrement474,2
dmb72,jincrement221,1
dmb72,jincrement213,0
dmb72,jincrement207,0
dmb72,jincrement208,0
dmb72,jInheritance1231,0
dmb72,jInheritance1217,0
dmb72,jInheritance1210,2
dmb72,jInheritance1498,2
dmb72,jInheritance1501,3
dmb72,jInheritance1248,2
dmb72,jInheritance1213,1
dmb72,jInheritance1211,1
dmb72,jInheritance2217,0
dmb72,jInheritance2210,2
dmb72,jInheritance2498,2
dmb72,jInheritance2501,3
dmb72,jInheritance2248,2
dmb72,jInheritance2497,2
dmb72,jInheritance2211,1
dmb72,jInheritance3210,2
dmb72,jInheritance3498,2
dmb72,jInheritance3501,2
dmb72,jInheritance3248,2
dmb72,jInheritance3213,1
dmb72,jInheritance3497,2
dmb72,jInheritance3211,2
dmb72,jInheritance4241,0
dmb72,jInheritance4217,1
dmb72,jInheritance4210,2
dmb72,jInheritance4498,2
dmb72,jInheritance4501,2
dmb72,jInheritance4489,0
dmb72,jInheritance4248,2
dmb72,jInheritance4213,1
dmb72,jInheritance4211,2
dmb72,joperator1218,3
dmb72,joperator1243,0
dmb72,joperator1225,2
dmb72,joperator1226,2
dmb72,joperator1468,1
dmb72,joperator1469,0
dmb72,joperator1473,1
dmb72,joperator1221,3
dmb72,jvariable1467,1
dmb72,jvariable1468,1
dmb72,jvariable1469,0
dmb72,jvariable1484,0
dmb72,jvariable1487,0
dmb72,jvariable1490,0
dmb72,jvariable1492,0
dmb72,jvariable1493,0
dmb72,jvariable1221,3
dmb72,jvariable1213,0
dmb72,jvariable1207,1
dmb72,jwhile3233,1
dmb72,jwhile3234,0
dmb72,jwhile3469,0
dmb72,jwhile3479,3
dmb72,jwhile3480,3
dmb72,jwhile3484,0
dmb72,jwhile3487,1
dmb72,jwhile3232,3
dmb72,jwhile4225,2
dmb72,jwhile4233,1
dmb72,jwhile4226,2
dmb72,jwhile4469,2
dmb72,jwhile4470,3
dmb72,jwhile4473,1
dmb72,jwhile4480,3
dmb72,jwhile4481,0
dmb72,jwhile4221,2
dmb72,jwhile4232,3
peterb,j2d_arrays1237,1
peterb,j2d_arrays1243,2
peterb,j2d_arrays1500,1
peterb,j2d_arrays1468,1
peterb,j2d_arrays1488,1
peterb,j2d_arrays1490,1
peterb,j2d_arrays1491,1
peterb,j2d_arrays1493,1
peterb,j2d_arrays1494,1
peterb,j2d_arrays1244,2
peterb,j2d_arrays1239,1
peterb,j2d_arrays1238,1
peterb,j2d_arrays1208,1
peterb,jarray1237,2
peterb,jarray1243,1
peterb,jarray1500,1
peterb,jarray1469,1
peterb,jarray1484,1
peterb,jarray1487,1
peterb,jarray1488,1
peterb,jarray1490,1
peterb,jarray1491,1
peterb,jarray1493,1
peterb,jarray1244,1
peterb,jarray1239,1
peterb,jarray1238,1
peterb,jarray2237,2
peterb,jarray2243,1
peterb,jarray2500,1
peterb,jarray2469,1
peterb,jarray2485,1
peterb,jarray2490,1
peterb,jarray2244,1
peterb,jarray2239,2
peterb,jarray2238,2
peterb,jarray4237,2
peterb,jarray4243,1
peterb,jarray4500,1
peterb,jarray4484,2
peterb,jarray4485,1
peterb,jarray4491,1
peterb,jarray4236,2
peterb,jarray4235,2
peterb,jarray4244,1
peterb,jarray4239,3
peterb,jarray4238,2
peterb,jbankaccount240,0
peterb,jbankaccount212,2
peterb,jbankaccount210,2
peterb,jbankaccount501,1
peterb,jbankaccount480,0
peterb,jbankaccount489,0
peterb,jbankaccount220,1
peterb,jbankaccount213,2
peterb,jbankaccount211,2
peterb,jbankaccount502,1
peterb,jbankaccount215,0
peterb,jbankaccount207,1
peterb,jba_ques240,0
peterb,jba_ques212,2
peterb,jba_ques210,2
peterb,jba_ques498,0
peterb,jba_ques501,1
peterb,jba_ques480,0
peterb,jba_ques213,2
peterb,jba_ques211,2
peterb,jba_ques207,1
peterb,jboolean_operators1230,1
peterb,jboolean_operators1231,2
peterb,jboolean_operators1463,2
peterb,jboolean_operators1464,2
peterb,jboolean_operators1469,1
peterb,jboolean_operators1473,2
peterb,jboolean_operators1487,1
peterb,jboolean_var229,2
peterb,jboolean_var230,1
peterb,jboolean_var231,2
peterb,jboolean_var463,2
peterb,jboolean_var219,0
peterb,jboolean_var469,0
peterb,jboolean_var214,2
peterb,jboolean_var494,1
peterb,jclass1212,2
peterb,jclass1501,1
peterb,jclass1213,2
peterb,jclass1211,2
peterb,jclass1494,0
peterb,jclass1215,0
peterb,jclass1207,1
peterb,jclass1208,0
peterb,jclasses_constructor212,2
peterb,jclasses_constructor210,2
peterb,jclasses_constructor501,1
peterb,jclasses_constructor480,0
peterb,jclasses_constructor213,2
peterb,jclasses_constructor211,2
peterb,jclasses_constructor502,1
peterb,jclasses_constructor207,1
peterb,jdouble1218,1
peterb,jdouble1498,0
peterb,jdouble1468,1
peterb,jdouble1489,1
peterb,jdouble1220,1
peterb,jdouble1215,3
peterb,jdouble1207,1
peterb,jdouble1208,2
peterb,jfor1234,3
peterb,jfor1469,1
peterb,jfor1482,1
peterb,jfor1484,1
peterb,jfor1485,1
peterb,jfor1486,1
peterb,jfor1487,1
peterb,jfor1236,2
peterb,jfor1239,1
peterb,jfor1238,2
peterb,jfor2218,2
peterb,jfor2230,1
peterb,jfor2234,2
peterb,jfor2484,1
peterb,jfor2485,1
peterb,jfor2487,2
peterb,jfor2236,1
peterb,jfor2494,1
peterb,jfor2239,2
peterb,jfor2238,2
peterb,jif_else1230,1
peterb,jif_else1463,2
peterb,jif_else1225,3
peterb,jif_else1226,2
peterb,jif_else1469,1
peterb,jif_else1221,2
peterb,jif_else5218,2
peterb,jif_else5230,1
peterb,jif_else5465,3
peterb,jif_else5225,2
peterb,jif_else5226,2
peterb,jif_else5469,1
peterb,jif_else5235,0
peterb,jif_else5221,2
peterb,jincrement219,2
peterb,jincrement468,1
peterb,jincrement469,2
peterb,jincrement473,1
peterb,jincrement474,0
peterb,jincrement221,1
peterb,jincrement213,0
peterb,jincrement207,1
peterb,jincrement208,1
peterb,jInheritance1231,0
peterb,jInheritance1217,1
peterb,jInheritance1210,2
peterb,jInheritance1498,2
peterb,jInheritance1501,2
peterb,jInheritance1248,2
peterb,jInheritance1213,1
peterb,jInheritance1211,2
peterb,jInheritance2217,0
peterb,jInheritance2210,2
peterb,jInheritance2498,1
peterb,jInheritance2501,2
peterb,jInheritance2248,2
peterb,jInheritance2497,2
peterb,jInheritance2211,2
peterb,jInheritance3210,2
peterb,jInheritance3498,1
peterb,jInheritance3501,2
peterb,jInheritance3248,2
peterb,jInheritance3213,1
peterb,jInheritance3497,2
peterb,jInheritance3211,2
peterb,jInheritance4241,2
peterb,jInheritance4217,1
peterb,jInheritance4210,2
peterb,jInheritance4498,1
peterb,jInheritance4501,2
peterb,jInheritance4489,2
peterb,jInheritance4248,2
peterb,jInheritance4213,1
peterb,jInheritance4211,2
peterb,joperator1218,3
peterb,joperator1243,0
peterb,joperator1225,1
peterb,joperator1226,2
peterb,joperator1468,1
peterb,joperator1469,0
peterb,joperator1473,1
peterb,joperator1221,3
peterb,jvariable1467,1
peterb,jvariable1468,1
peterb,jvariable1469,0
peterb,jvariable1484,2
peterb,jvariable1487,2
peterb,jvariable1490,2
peterb,jvariable1492,2
peterb,jvariable1493,2
peterb,jvariable1221,1
peterb,jvariable1213,1
peterb,jvariable1207,1
peterb,jwhile3233,1
peterb,jwhile3234,1
peterb,jwhile3469,1
peterb,jwhile3479,3
peterb,jwhile3480,1
peterb,jwhile3484,1
peterb,jwhile3487,0
peterb,jwhile3232,3
peterb,jwhile4225,2
peterb,jwhile4233,1
peterb,jwhile4226,2
peterb,jwhile4469,1
peterb,jwhile4470,2
peterb,jwhile4473,1
peterb,jwhile4480,2
peterb,jwhile4481,1
peterb,jwhile4221,2
peterb,jwhile4232,2
rafael.araujo,j2d_arrays1237,1
rafael.araujo,j2d_arrays1243,3
rafael.araujo,j2d_arrays1500,0
rafael.araujo,j2d_arrays1468,2
rafael.araujo,j2d_arrays1488,1
rafael.araujo,j2d_arrays1490,1
rafael.araujo,j2d_arrays1491,1
rafael.araujo,j2d_arrays1493,1
rafael.araujo,j2d_arrays1494,0
rafael.araujo,j2d_arrays1244,3
rafael.araujo,j2d_arrays1239,1
rafael.araujo,j2d_arrays1238,1
rafael.araujo,j2d_arrays1208,2
rafael.araujo,jarray1237,3
rafael.araujo,jarray1243,0
rafael.araujo,jarray1500,0
rafael.araujo,jarray1469,1
rafael.araujo,jarray1484,1
rafael.araujo,jarray1487,2
rafael.araujo,jarray1488,0
rafael.araujo,jarray1490,2
rafael.araujo,jarray1491,2
rafael.araujo,jarray1493,1
rafael.araujo,jarray1244,2
rafael.araujo,jarray1239,1
rafael.araujo,jarray1238,1
rafael.araujo,jarray2237,2
rafael.araujo,jarray2243,1
rafael.araujo,jarray2500,0
rafael.araujo,jarray2469,1
rafael.araujo,jarray2485,2
rafael.araujo,jarray2490,1
rafael.araujo,jarray2244,1
rafael.araujo,jarray2239,1
rafael.araujo,jarray2238,2
rafael.araujo,jarray4237,3
rafael.araujo,jarray4243,1
rafael.araujo,jarray4500,1
rafael.araujo,jarray4484,1
rafael.araujo,jarray4485,1
rafael.araujo,jarray4491,1
rafael.araujo,jarray4236,1
rafael.araujo,jarray4235,1
rafael.araujo,jarray4244,1
rafael.araujo,jarray4239,3
rafael.araujo,jarray4238,2
rafael.araujo,jbankaccount240,0
rafael.araujo,jbankaccount212,2
rafael.araujo,jbankaccount210,3
rafael.araujo,jbankaccount501,0
rafael.araujo,jbankaccount480,0
rafael.araujo,jbankaccount489,1
rafael.araujo,jbankaccount220,0
rafael.araujo,jbankaccount213,2
rafael.araujo,jbankaccount211,2
rafael.araujo,jbankaccount502,1
rafael.araujo,jbankaccount215,0
rafael.araujo,jbankaccount207,1
rafael.araujo,jba_ques240,0
rafael.araujo,jba_ques212,2
rafael.araujo,jba_ques210,3
rafael.araujo,jba_ques498,0
rafael.araujo,jba_ques501,0
rafael.araujo,jba_ques480,0
rafael.araujo,jba_ques213,2
rafael.araujo,jba_ques211,2
rafael.araujo,jba_ques207,0
rafael.araujo,jboolean_operators1230,1
rafael.araujo,jboolean_operators1231,1
rafael.araujo,jboolean_operators1463,3
rafael.araujo,jboolean_operators1464,3
rafael.araujo,jboolean_operators1469,2
rafael.araujo,jboolean_operators1473,3
rafael.araujo,jboolean_operators1487,2
rafael.araujo,jboolean_var229,2
rafael.araujo,jboolean_var230,3
rafael.araujo,jboolean_var231,3
rafael.araujo,jboolean_var463,2
rafael.araujo,jboolean_var219,1
rafael.araujo,jboolean_var469,2
rafael.araujo,jboolean_var214,2
rafael.araujo,jboolean_var494,3
rafael.araujo,jclass1212,2
rafael.araujo,jclass1501,2
rafael.araujo,jclass1213,2
rafael.araujo,jclass1211,2
rafael.araujo,jclass1494,1
rafael.araujo,jclass1215,0
rafael.araujo,jclass1207,1
rafael.araujo,jclass1208,2
rafael.araujo,jclasses_constructor212,2
rafael.araujo,jclasses_constructor210,3
rafael.araujo,jclasses_constructor501,0
rafael.araujo,jclasses_constructor480,0
rafael.araujo,jclasses_constructor213,2
rafael.araujo,jclasses_constructor211,2
rafael.araujo,jclasses_constructor502,0
rafael.araujo,jclasses_constructor207,0
rafael.araujo,jdouble1218,1
rafael.araujo,jdouble1498,0
rafael.araujo,jdouble1468,0
rafael.araujo,jdouble1489,0
rafael.araujo,jdouble1220,1
rafael.araujo,jdouble1215,3
rafael.araujo,jdouble1207,1
rafael.araujo,jdouble1208,2
rafael.araujo,jfor1234,3
rafael.araujo,jfor1469,1
rafael.araujo,jfor1482,2
rafael.araujo,jfor1484,2
rafael.araujo,jfor1485,3
rafael.araujo,jfor1486,3
rafael.araujo,jfor1487,2
rafael.araujo,jfor1236,2
rafael.araujo,jfor1239,1
rafael.araujo,jfor1238,1
rafael.araujo,jfor2218,1
rafael.araujo,jfor2230,0
rafael.araujo,jfor2234,3
rafael.araujo,jfor2484,2
rafael.araujo,jfor2485,2
rafael.araujo,jfor2487,2
rafael.araujo,jfor2236,2
rafael.araujo,jfor2494,0
rafael.araujo,jfor2239,1
rafael.araujo,jfor2238,0
rafael.araujo,jif_else1230,2
rafael.araujo,jif_else1463,3
rafael.araujo,jif_else1225,3
rafael.araujo,jif_else1226,3
rafael.araujo,jif_else1469,3
rafael.araujo,jif_else1221,3
rafael.araujo,jif_else5218,2
rafael.araujo,jif_else5230,2
rafael.araujo,jif_else5465,3
rafael.araujo,jif_else5225,2
rafael.araujo,jif_else5226,3
rafael.araujo,jif_else5469,1
rafael.araujo,jif_else5235,0
rafael.araujo,jif_else5221,2
rafael.araujo,jincrement219,3
rafael.araujo,jincrement468,1
rafael.araujo,jincrement469,1
rafael.araujo,jincrement473,3
rafael.araujo,jincrement474,3
rafael.araujo,jincrement221,3
rafael.araujo,jincrement213,1
rafael.araujo,jincrement207,2
rafael.araujo,jincrement208,2
rafael.araujo,jInheritance1231,0
rafael.araujo,jInheritance1217,1
rafael.araujo,jInheritance1210,3
rafael.araujo,jInheritance1498,3
rafael.araujo,jInheritance1501,3
rafael.araujo,jInheritance1248,3
rafael.araujo,jInheritance1213,2
rafael.araujo,jInheritance1211,2
rafael.araujo,jInheritance2217,0
rafael.araujo,jInheritance2210,3
rafael.araujo,jInheritance2498,1
rafael.araujo,jInheritance2501,3
rafael.araujo,jInheritance2248,3
rafael.araujo,jInheritance2497,3
rafael.araujo,jInheritance2211,2
rafael.araujo,jInheritance3210,3
rafael.araujo,jInheritance3498,1
rafael.araujo,jInheritance3501,3
rafael.araujo,jInheritance3248,3
rafael.araujo,jInheritance3213,2
rafael.araujo,jInheritance3497,3
rafael.araujo,jInheritance3211,2
rafael.araujo,jInheritance4241,2
rafael.araujo,jInheritance4217,0
rafael.araujo,jInheritance4210,3
rafael.araujo,jInheritance4498,1
rafael.araujo,jInheritance4501,3
rafael.araujo,jInheritance4489,2
rafael.araujo,jInheritance4248,3
rafael.araujo,jInheritance4213,2
rafael.araujo,jInheritance4211,2
rafael.araujo,joperator1218,2
rafael.araujo,joperator1243,0
rafael.araujo,joperator1225,3
rafael.araujo,joperator1226,3
rafael.araujo,joperator1468,2
rafael.araujo,joperator1469,1
rafael.araujo,joperator1473,3
rafael.araujo,joperator1221,3
rafael.araujo,jvariable1467,1
rafael.araujo,jvariable1468,0
rafael.araujo,jvariable1469,0
rafael.araujo,jvariable1484,2
rafael.araujo,jvariable1487,3
rafael.araujo,jvariable1490,3
rafael.araujo,jvariable1492,1
rafael.araujo,jvariable1493,3
rafael.araujo,jvariable1221,1
rafael.araujo,jvariable1213,1
rafael.araujo,jvariable1207,1
rafael.araujo,jwhile3233,1
rafael.araujo,jwhile3234,1
rafael.araujo,jwhile3469,1
rafael.araujo,jwhile3479,3
rafael.araujo,jwhile3480,2
rafael.araujo,jwhile3484,1
rafael.araujo,jwhile3487,1
rafael.araujo,jwhile3232,3
rafael.araujo,jwhile4225,2
rafael.araujo,jwhile4233,1
rafael.araujo,jwhile4226,2
rafael.araujo,jwhile4469,1
rafael.araujo,jwhile4470,1
rafael.araujo,jwhile4473,2
rafael.araujo,jwhile4480,2
rafael.araujo,jwhile4481,0
rafael.araujo,jwhile4221,2
rafael.araujo,jwhile4232,3
