knw21,IS17Spring2015,3ADFB,jWhile3,JavaTutorial_4_6_9:1.0:11.58;while_v2:0.5:10.34;,0,0,2015-02-03 10:29:52.921,GLOBAL::COS,1,ae_while_v2;while_v2;
knw21,IS17Spring2015,3ADFB,jWhile3,JavaTutorial_4_6_9:1.0:11.58;while_v2:0.5:10.34;,0,0,2015-02-03 10:29:52.921,P::LOCAL::COS,1,ae_while_v2;while_v2;
knw21,IS17Spring2015,3ADFB,jWhile3,JavaTutorial_4_6_9:1.0:11.58;while_v2:0.5:10.34;,0,0,2015-02-03 10:29:52.921,P::GLOBAL::AS::GOAL,1,JavaTutorial_4_4_3;while_v2;
knw21,IS17Spring2015,3ADFB,jWhile3,JavaTutorial_4_6_9:1.0:11.58;while_v2:0.5:10.34;,0,0,2015-02-03 10:29:52.921,P::LOCAL::AS::GOAL,1,JavaTutorial_4_4_3;while_v2;
knw21,IS17Spring2015,3ADFB,jWhile3,JavaTutorial_4_6_9:1.0:11.58;while_v2:0.5:10.34;,0,0,2015-02-03 10:29:52.921,P::LOCAL::COS::GOAL,1,while_v2;ae_while_v2;
knw21,IS17Spring2015,3ADFB,jBoolean_Method,CreateString_v2:0.6666666666666666:3.19;,1,1,2015-02-03 10:32:27.171,P::GLOBAL::AS,1,CreateString_v2;
knw21,IS17Spring2015,3ADFB,jBoolean_Method,CreateString_v2:0.6666666666666666:3.19;,1,1,2015-02-03 10:32:27.171,P::GLOBAL::COS,1,CreateString_v2;
knw21,IS17Spring2015,3ADFB,jIfelse1,OperatorExample_v2:0.3333333333333333:3.78;,1,2,2015-02-03 10:35:14.515,P::GLOBAL::AS,1,OperatorExample_v2;
knw21,IS17Spring2015,3ADFB,jIfelse1,OperatorExample_v2:0.3333333333333333:3.78;,1,2,2015-02-03 10:35:14.515,P::GLOBAL::COS,1,OperatorExample_v2;
dwr12,IS17Spring2015,95E74,jbooleanOperationsOR,boolean_expression_v2:1.0:3.97;comparison_operators_v2:0.3333333333333333:17.22;conditional_operators_v2:1.0:16.66;ObjectEquality:1.0:15.91;testNull:0.6666666666666666:22.52;JavaTutorial_4_2_5:1.0:20.24;stringEquals:1.0:2.64;,0,1,2015-01-31 14:41:16.499,GLOBAL::COS,2,JavaTutorial_4_2_2;JavaTutorial_4_2_9;ae_conditional_demo1;conditional_operators_v2;boolean_expression_v2;ae_while_demo;boolean_operators_v2;
dwr12,IS17Spring2015,95E74,jbooleanOperationsOR,boolean_expression_v2:1.0:3.97;comparison_operators_v2:0.3333333333333333:17.22;conditional_operators_v2:1.0:16.66;ObjectEquality:1.0:15.91;testNull:0.6666666666666666:22.52;JavaTutorial_4_2_5:1.0:20.24;stringEquals:1.0:2.64;,0,1,2015-01-31 14:41:16.499,LOCAL::COS,1,ae_BJ4_ch01_s05_HelloPrinter;HelloPrinter;variables2_v2;JavaTutorial_4_2_2;create_2d_array_v2;JavaTutorial_4_2_5;Decision_If_v2;
dwr12,IS17Spring2015,95E74,jbooleanOperationsOR,boolean_expression_v2:1.0:3.97;comparison_operators_v2:0.3333333333333333:17.22;conditional_operators_v2:1.0:16.66;ObjectEquality:1.0:15.91;testNull:0.6666666666666666:22.52;JavaTutorial_4_2_5:1.0:20.24;stringEquals:1.0:2.64;,0,1,2015-01-31 14:41:16.499,P::GLOBAL::AS::GOAL,1,JavaTutorial_4_2_2;conditional_operators_v2;ae_conditional_demo1;JavaTutorial_4_2_9;boolean_operators_v2;ae_Measure;Measure;
dwr12,IS17Spring2015,95E74,jbooleanOperationsOR,boolean_expression_v2:1.0:3.97;comparison_operators_v2:0.3333333333333333:17.22;conditional_operators_v2:1.0:16.66;ObjectEquality:1.0:15.91;testNull:0.6666666666666666:22.52;JavaTutorial_4_2_5:1.0:20.24;stringEquals:1.0:2.64;,0,1,2015-01-31 14:41:16.499,P::GLOBAL::COS::GOAL,1,JavaTutorial_4_2_2;ae_Measure;Measure;conditional_operators_v2;ae_conditional_demo1;JavaTutorial_4_2_9;boolean_operators_v2;
dwr12,IS17Spring2015,95E74,jbooleanOperationsOR,boolean_expression_v2:1.0:3.97;comparison_operators_v2:0.3333333333333333:17.22;conditional_operators_v2:1.0:16.66;ObjectEquality:1.0:15.91;testNull:0.6666666666666666:22.52;JavaTutorial_4_2_5:1.0:20.24;stringEquals:1.0:2.64;,0,1,2015-01-31 14:41:16.499,P::LOCAL::AS::GOAL,2,JavaTutorial_4_2_2;ae_conditional_demo1;conditional_operators_v2;boolean_operators_v2;JavaTutorial_4_2_9;boolean_expression_v2;Measure;
dwr12,IS17Spring2015,95E74,jbooleanOperationsOR,boolean_expression_v2:1.0:3.97;comparison_operators_v2:0.3333333333333333:17.22;conditional_operators_v2:1.0:16.66;ObjectEquality:1.0:15.91;testNull:0.6666666666666666:22.52;JavaTutorial_4_2_5:1.0:20.24;stringEquals:1.0:2.64;,0,1,2015-01-31 14:41:16.499,P::LOCAL::COS::GOAL,1,JavaTutorial_4_2_2;conditional_operators_v2;ae_conditional_demo1;boolean_operators_v2;JavaTutorial_4_2_9;Measure;ae_Measure;
sia28,IS17Spring2015,EDADB,jusingFloat,Constants_v2:0.25:46.76;HelloPrinter:1.0:59.7;variables1_v2:1.0:37.87;variables2_v2:0.0:10.28;HelloWorld2_v2:0.3333333333333333:7.57;variables2_v2:1.0:49.45;HelloWorld2_v2:0.16666666666666666:8.01;HelloWorld2_v2:1.0:23.74;VariableDemo:1.0:23.46;PrintTester:0.5:4.51;PrintTester:1.0:59.12;JavaTutorial_4_1_5:1.0:19.87;JavaTutorial_4_1_5:0.0:5.2;PrimitiveDataTypes_v2:0.0:2.45;Constants_v2:0.25:40.34;Constants_v2:1.0:37.88;constant_v2:1.0:42.96;arithmetic_v2:0.6363636363636364:6.28;OperatorExample_v2:1.0:5.14;,0,0,2015-02-15 09:20:19.475,RANDOM::BASELINE,3,create_2d_array_v2;ae_decisions1_v2;PrimitiveDataTypes_v2;ae_JavaTutorial_4_6_6;decisions1_v2;constant_v2;OperatorExample_v2;substring_v2;ae_JavaTutorial_4_2_7;JavaTutorial_4_2_5;JavaTutorial_4_2_6;Point_v2;Constants_v2;switch_v2;ae_BJ4_ch02_s09_MoveTester;MathFunction_v2;JavaTutorial_4_2_2;ae_StringExample_v2;HelloWorld2_v2;interfaceClassConversion;for1_v2;StringsReplace;CounterDemo;comparison_operators_v2;ae_BJ4_ch02_s06_ConstructorDemo;variables2_v2;VariableDemo;Measure;ae_relational_operators_v2;Decrement;Bicycle_v2;ae_multidimarray_demo;ae_comparison_operators_v2;ae_EnhancedForLoopDemo;ae_BJ4_ch01_s05_HelloPrinter;HelloPrinter;JavaTutorial_4_6_9;increment_v2;JavaTutorial_4_6_7;ae_arithmetic_v2;JavaTutorial_4_6_8;ObjectEquality;JavaTutorial_4_6_5;JavaTutorial_4_2_9;JavaTutorial_4_6_6;MethodDemo;JavaTutorial_4_2_7;JavaTutorial_4_2_8;ifelse2_v2;TypeCasting_v2;ae_use_2darray_v2;using_array_v2;Bank;StringsParse;StringsEqualsIgnoreCase;CreateObjectDemo_v2;ae_JavaTutorial_4_1_3;ae_array_demo;arraylist2_v2;JavaTutorial_4_1_5;ae_conditional_demo1;JavaTutorial_4_1_3;boolean_operators_v2;TicTacToe;CreateString_v2;ConstructorDemo;EnhancedForLoopDemo;CompoundAssignment;ae_do_while_v2;boolean_expression_v2;override_v2;simple_inheritance_1;ae_tostring_demo;JavaTutorial_4_6_14;ae_use_array_v2;JavaTutorial_4_6_12;do_while_v2;exception_v2;ae_primitive_datatype_demo;arithmetic_v2;ae_constant_demo;inheritance_constructors_1;use_2darray_v2;inheritance1_v2;poly_v2;ae_constant_math_demo;JavaTutorial_4_4_3;StringExample_v2;ae_cash_register_constant_demo;JavaTutorial_4_4_2;ae_BJ4_ch03_s06_BankAccountTester;ae_while_v2;GradeBook;BankAccountTester;ae_concat_demo;ae_BJ4_ch02_s05_MethodDemo;inheritance_casting_1;testNull;ae_nested_for_demo;ae_BJ4_ch02_s07_AccessorMutatorDemo;ae_unary_demo;ae_BJ4_ch02_s10_CopyDemo;ArrayListTester;inheritance_polymorphism_2;arraylist1_v2;inheritance_polymorphism_1;ae_Measure;Decision_If_v2;imple_multi_v2;StringsCharAt;CopyDemo;logical_operators_v2;jeg_interface1_v2;nested_loops_v2;string_length_v2;ae_BJ4_ch01_s05_PrintTester;ae_JavaTutorial_4_7_5;ae_JavaTutorial_4_7_4;Rectangle_v2;PrintTester;ae_BJ4_ch03_s06_CashRegisterTester;OverridingObjectMethods;while_v2;JavaTutorial_4_3_4;JavaTutorial_4_3_5;ae_BJ4_ch03_s01_CounterDemo;JavaTutorial_4_3_2;ae_arraylist2_v2;ae_for_demo;array_declaration_v2;ae_wrapper_class_v2;boolean_declaration_v2;InterfacePolymorphism;use_array_v2;ae_exception_v2;ae_BJ4_ch02_s03_VariableDemo;CashRegisterConstantField;ae_jeg_interface1_v2;AccessorMutatorDemo;ae_nested_loops_v2;ae_while_demo;ae_do_while_demo;thisReference;ae_inheritance_polymorphism_2;JavaTutorial_4_7_8;variables1_v2;JavaTutorial_4_7_6;relational_operators_v2;ae_inheritance_polymorphism_1;JavaTutorial_4_7_7;string_comparison_v2;JavaTutorial_4_7_4;stringEquals;ae_switch_demo1;ae_switch_demo2;JavaTutorial_4_7_5;JavaTutorial_4_7_2;ae_simple_inheritance_1;JavaTutorial_4_3_6;nested_loops2_v2;conditional_operators_v2;ae_JavaTutorial_4_7_8;wrapper_class_v2;
sia28,IS17Spring2015,EDADB,jusingFloat,Constants_v2:0.25:46.76;HelloPrinter:1.0:59.7;variables1_v2:1.0:37.87;variables2_v2:0.0:10.28;HelloWorld2_v2:0.3333333333333333:7.57;variables2_v2:1.0:49.45;HelloWorld2_v2:0.16666666666666666:8.01;HelloWorld2_v2:1.0:23.74;VariableDemo:1.0:23.46;PrintTester:0.5:4.51;PrintTester:1.0:59.12;JavaTutorial_4_1_5:1.0:19.87;JavaTutorial_4_1_5:0.0:5.2;PrimitiveDataTypes_v2:0.0:2.45;Constants_v2:0.25:40.34;Constants_v2:1.0:37.88;constant_v2:1.0:42.96;arithmetic_v2:0.6363636363636364:6.28;OperatorExample_v2:1.0:5.14;,0,0,2015-02-15 09:20:19.475,NAIVE::LOCAL,4,TypeCasting_v2;PrimitiveDataTypes_v2;ae_relational_operators_v2;ae_BJ4_ch02_s03_VariableDemo;VariableDemo;ae_arithmetic_v2;ae_multidimarray_demo;ae_cash_register_constant_demo;PrintTester;ae_BJ4_ch01_s05_PrintTester;variables2_v2;arithmetic_v2;ae_do_while_demo;ae_concat_demo;CashRegisterConstantField;ae_use_array_v2;
sia28,IS17Spring2015,EDADB,jusingFloat,Constants_v2:0.25:46.76;HelloPrinter:1.0:59.7;variables1_v2:1.0:37.87;variables2_v2:0.0:10.28;HelloWorld2_v2:0.3333333333333333:7.57;variables2_v2:1.0:49.45;HelloWorld2_v2:0.16666666666666666:8.01;HelloWorld2_v2:1.0:23.74;VariableDemo:1.0:23.46;PrintTester:0.5:4.51;PrintTester:1.0:59.12;JavaTutorial_4_1_5:1.0:19.87;JavaTutorial_4_1_5:0.0:5.2;PrimitiveDataTypes_v2:0.0:2.45;Constants_v2:0.25:40.34;Constants_v2:1.0:37.88;constant_v2:1.0:42.96;arithmetic_v2:0.6363636363636364:6.28;OperatorExample_v2:1.0:5.14;,0,0,2015-02-15 09:20:19.475,GLOBAL::AS,5,arraylist1_v2;TypeCasting_v2;boolean_declaration_v2;JavaTutorial_4_1_5;boolean_expression_v2;JavaTutorial_4_1_3;ae_JavaTutorial_4_1_3;OperatorExample_v2;ae_BJ4_ch02_s03_VariableDemo;ae_relational_operators_v2;VariableDemo;variables2_v2;relational_operators_v2;PrintTester;ae_BJ4_ch01_s05_PrintTester;JavaTutorial_4_4_3;
sia28,IS17Spring2015,EDADB,jusingFloat,Constants_v2:0.25:46.76;HelloPrinter:1.0:59.7;variables1_v2:1.0:37.87;variables2_v2:0.0:10.28;HelloWorld2_v2:0.3333333333333333:7.57;variables2_v2:1.0:49.45;HelloWorld2_v2:0.16666666666666666:8.01;HelloWorld2_v2:1.0:23.74;VariableDemo:1.0:23.46;PrintTester:0.5:4.51;PrintTester:1.0:59.12;JavaTutorial_4_1_5:1.0:19.87;JavaTutorial_4_1_5:0.0:5.2;PrimitiveDataTypes_v2:0.0:2.45;Constants_v2:0.25:40.34;Constants_v2:1.0:37.88;constant_v2:1.0:42.96;arithmetic_v2:0.6363636363636364:6.28;OperatorExample_v2:1.0:5.14;,0,0,2015-02-15 09:20:19.475,GLOBAL::COS,4,TypeCasting_v2;PrimitiveDataTypes_v2;PrintTester;ae_BJ4_ch01_s05_PrintTester;ae_arithmetic_v2;arithmetic_v2;ae_do_while_demo;ae_relational_operators_v2;variables2_v2;ae_multidimarray_demo;ae_BJ4_ch03_s01_CounterDemo;CounterDemo;ae_BJ4_ch02_s03_VariableDemo;VariableDemo;ae_while_demo;ae_BJ4_ch03_s06_CashRegisterTester;
sia28,IS17Spring2015,EDADB,jusingFloat,Constants_v2:0.25:46.76;HelloPrinter:1.0:59.7;variables1_v2:1.0:37.87;variables2_v2:0.0:10.28;HelloWorld2_v2:0.3333333333333333:7.57;variables2_v2:1.0:49.45;HelloWorld2_v2:0.16666666666666666:8.01;HelloWorld2_v2:1.0:23.74;VariableDemo:1.0:23.46;PrintTester:0.5:4.51;PrintTester:1.0:59.12;JavaTutorial_4_1_5:1.0:19.87;JavaTutorial_4_1_5:0.0:5.2;PrimitiveDataTypes_v2:0.0:2.45;Constants_v2:0.25:40.34;Constants_v2:1.0:37.88;constant_v2:1.0:42.96;arithmetic_v2:0.6363636363636364:6.28;OperatorExample_v2:1.0:5.14;,0,0,2015-02-15 09:20:19.475,LOCAL::AS,2,boolean_declaration_v2;arraylist1_v2;HelloPrinter;ae_BJ4_ch01_s05_HelloPrinter;string_length_v2;create_2d_array_v2;array_declaration_v2;TypeCasting_v2;variables2_v2;using_array_v2;ae_relational_operators_v2;ae_for_demo;JavaTutorial_4_6_7;boolean_expression_v2;use_2darray_v2;ae_use_2darray_v2;
sia28,IS17Spring2015,EDADB,jusingFloat,Constants_v2:0.25:46.76;HelloPrinter:1.0:59.7;variables1_v2:1.0:37.87;variables2_v2:0.0:10.28;HelloWorld2_v2:0.3333333333333333:7.57;variables2_v2:1.0:49.45;HelloWorld2_v2:0.16666666666666666:8.01;HelloWorld2_v2:1.0:23.74;VariableDemo:1.0:23.46;PrintTester:0.5:4.51;PrintTester:1.0:59.12;JavaTutorial_4_1_5:1.0:19.87;JavaTutorial_4_1_5:0.0:5.2;PrimitiveDataTypes_v2:0.0:2.45;Constants_v2:0.25:40.34;Constants_v2:1.0:37.88;constant_v2:1.0:42.96;arithmetic_v2:0.6363636363636364:6.28;OperatorExample_v2:1.0:5.14;,0,0,2015-02-15 09:20:19.475,LOCAL::COS,2,HelloPrinter;ae_BJ4_ch01_s05_HelloPrinter;string_length_v2;create_2d_array_v2;boolean_declaration_v2;array_declaration_v2;arraylist1_v2;ae_for_demo;JavaTutorial_4_6_7;JavaTutorial_4_6_8;use_2darray_v2;ae_use_2darray_v2;constant_v2;ae_multidimarray_demo;TypeCasting_v2;ae_constant_math_demo;
sia28,IS17Spring2015,EDADB,jusingFloat,Constants_v2:0.25:46.76;HelloPrinter:1.0:59.7;variables1_v2:1.0:37.87;variables2_v2:0.0:10.28;HelloWorld2_v2:0.3333333333333333:7.57;variables2_v2:1.0:49.45;HelloWorld2_v2:0.16666666666666666:8.01;HelloWorld2_v2:1.0:23.74;VariableDemo:1.0:23.46;PrintTester:0.5:4.51;PrintTester:1.0:59.12;JavaTutorial_4_1_5:1.0:19.87;JavaTutorial_4_1_5:0.0:5.2;PrimitiveDataTypes_v2:0.0:2.45;Constants_v2:0.25:40.34;Constants_v2:1.0:37.88;constant_v2:1.0:42.96;arithmetic_v2:0.6363636363636364:6.28;OperatorExample_v2:1.0:5.14;,0,0,2015-02-15 09:20:19.475,P::GLOBAL::AS,7,TypeCasting_v2;variables1_v2;JavaTutorial_4_1_5;arraylist1_v2;variables2_v2;ae_BJ4_ch02_s03_VariableDemo;VariableDemo;JavaTutorial_4_1_3;ae_JavaTutorial_4_1_3;OperatorExample_v2;PrintTester;ae_BJ4_ch01_s05_PrintTester;HelloPrinter;ae_BJ4_ch01_s05_HelloPrinter;boolean_declaration_v2;string_length_v2;
sia28,IS17Spring2015,EDADB,jusingFloat,Constants_v2:0.25:46.76;HelloPrinter:1.0:59.7;variables1_v2:1.0:37.87;variables2_v2:0.0:10.28;HelloWorld2_v2:0.3333333333333333:7.57;variables2_v2:1.0:49.45;HelloWorld2_v2:0.16666666666666666:8.01;HelloWorld2_v2:1.0:23.74;VariableDemo:1.0:23.46;PrintTester:0.5:4.51;PrintTester:1.0:59.12;JavaTutorial_4_1_5:1.0:19.87;JavaTutorial_4_1_5:0.0:5.2;PrimitiveDataTypes_v2:0.0:2.45;Constants_v2:0.25:40.34;Constants_v2:1.0:37.88;constant_v2:1.0:42.96;arithmetic_v2:0.6363636363636364:6.28;OperatorExample_v2:1.0:5.14;,0,0,2015-02-15 09:20:19.475,P::GLOBAL::COS,7,TypeCasting_v2;variables1_v2;variables2_v2;JavaTutorial_4_1_5;string_length_v2;HelloPrinter;ae_BJ4_ch01_s05_HelloPrinter;ae_BJ4_ch02_s03_VariableDemo;VariableDemo;PrintTester;ae_BJ4_ch01_s05_PrintTester;arraylist1_v2;ae_constant_demo;JavaTutorial_4_1_3;ae_JavaTutorial_4_1_3;OperatorExample_v2;
sia28,IS17Spring2015,EDADB,jusingFloat,Constants_v2:0.25:46.76;HelloPrinter:1.0:59.7;variables1_v2:1.0:37.87;variables2_v2:0.0:10.28;HelloWorld2_v2:0.3333333333333333:7.57;variables2_v2:1.0:49.45;HelloWorld2_v2:0.16666666666666666:8.01;HelloWorld2_v2:1.0:23.74;VariableDemo:1.0:23.46;PrintTester:0.5:4.51;PrintTester:1.0:59.12;JavaTutorial_4_1_5:1.0:19.87;JavaTutorial_4_1_5:0.0:5.2;PrimitiveDataTypes_v2:0.0:2.45;Constants_v2:0.25:40.34;Constants_v2:1.0:37.88;constant_v2:1.0:42.96;arithmetic_v2:0.6363636363636364:6.28;OperatorExample_v2:1.0:5.14;,0,0,2015-02-15 09:20:19.475,P::LOCAL::AS,3,HelloPrinter;ae_BJ4_ch01_s05_HelloPrinter;string_length_v2;create_2d_array_v2;boolean_declaration_v2;arraylist1_v2;array_declaration_v2;ae_for_demo;JavaTutorial_4_6_7;use_2darray_v2;ae_use_2darray_v2;JavaTutorial_4_6_8;constant_v2;TypeCasting_v2;ae_multidimarray_demo;variables2_v2;
sia28,IS17Spring2015,EDADB,jusingFloat,Constants_v2:0.25:46.76;HelloPrinter:1.0:59.7;variables1_v2:1.0:37.87;variables2_v2:0.0:10.28;HelloWorld2_v2:0.3333333333333333:7.57;variables2_v2:1.0:49.45;HelloWorld2_v2:0.16666666666666666:8.01;HelloWorld2_v2:1.0:23.74;VariableDemo:1.0:23.46;PrintTester:0.5:4.51;PrintTester:1.0:59.12;JavaTutorial_4_1_5:1.0:19.87;JavaTutorial_4_1_5:0.0:5.2;PrimitiveDataTypes_v2:0.0:2.45;Constants_v2:0.25:40.34;Constants_v2:1.0:37.88;constant_v2:1.0:42.96;arithmetic_v2:0.6363636363636364:6.28;OperatorExample_v2:1.0:5.14;,0,0,2015-02-15 09:20:19.475,P::LOCAL::COS,2,ae_BJ4_ch01_s05_HelloPrinter;HelloPrinter;string_length_v2;create_2d_array_v2;boolean_declaration_v2;arraylist1_v2;array_declaration_v2;ae_for_demo;JavaTutorial_4_6_7;use_2darray_v2;ae_use_2darray_v2;JavaTutorial_4_6_8;constant_v2;TypeCasting_v2;ae_multidimarray_demo;override_v2;
sia28,IS17Spring2015,E299B,jArray1,array_declaration_v2:1.0:4.86;using_array_v2:1.0:5.96;use_array_v2:1.0:4.28;use_array_v2:0.0:1.1;JavaTutorial_4_7_5:1.0:27.03;JavaTutorial_4_7_2:1.0:6.27;JavaTutorial_4_7_6:0.0:3.24;,0,0,2015-04-13 18:47:37.607,NAIVE::LOCAL,1,ae_while_v2;while_v2;array_declaration_v2;JavaTutorial_4_4_2;ae_do_while_v2;
sia28,IS17Spring2015,E299B,jArray1,array_declaration_v2:1.0:4.86;using_array_v2:1.0:5.96;use_array_v2:1.0:4.28;use_array_v2:0.0:1.1;JavaTutorial_4_7_5:1.0:27.03;JavaTutorial_4_7_2:1.0:6.27;JavaTutorial_4_7_6:0.0:3.24;,0,0,2015-04-13 18:47:37.607,GLOBAL::AS,3,using_array_v2;array_declaration_v2;ae_use_2darray_v2;use_array_v2;create_2d_array_v2;
sia28,IS17Spring2015,E299B,jArray1,array_declaration_v2:1.0:4.86;using_array_v2:1.0:5.96;use_array_v2:1.0:4.28;use_array_v2:0.0:1.1;JavaTutorial_4_7_5:1.0:27.03;JavaTutorial_4_7_2:1.0:6.27;JavaTutorial_4_7_6:0.0:3.24;,0,0,2015-04-13 18:47:37.607,GLOBAL::COS,2,array_declaration_v2;JavaTutorial_4_7_5;ae_JavaTutorial_4_7_5;ae_JavaTutorial_4_7_8;JavaTutorial_4_7_8;
sia28,IS17Spring2015,E299B,jArray1,array_declaration_v2:1.0:4.86;using_array_v2:1.0:5.96;use_array_v2:1.0:4.28;use_array_v2:0.0:1.1;JavaTutorial_4_7_5:1.0:27.03;JavaTutorial_4_7_2:1.0:6.27;JavaTutorial_4_7_6:0.0:3.24;,0,0,2015-04-13 18:47:37.607,LOCAL::AS,1,JavaTutorial_4_2_2;ae_while_v2;create_2d_array_v2;using_array_v2;variables2_v2;
sia28,IS17Spring2015,E299B,jArray1,array_declaration_v2:1.0:4.86;using_array_v2:1.0:5.96;use_array_v2:1.0:4.28;use_array_v2:0.0:1.1;JavaTutorial_4_7_5:1.0:27.03;JavaTutorial_4_7_2:1.0:6.27;JavaTutorial_4_7_6:0.0:3.24;,0,0,2015-04-13 18:47:37.607,LOCAL::COS,1,ae_while_v2;JavaTutorial_4_2_2;create_2d_array_v2;using_array_v2;variables2_v2;
sia28,IS17Spring2015,E299B,jArray1,array_declaration_v2:1.0:4.86;using_array_v2:1.0:5.96;use_array_v2:1.0:4.28;use_array_v2:0.0:1.1;JavaTutorial_4_7_5:1.0:27.03;JavaTutorial_4_7_2:1.0:6.27;JavaTutorial_4_7_6:0.0:3.24;,0,0,2015-04-13 18:47:37.607,P::GLOBAL::AS,3,using_array_v2;array_declaration_v2;ae_use_2darray_v2;use_array_v2;JavaTutorial_4_7_6;
sia28,IS17Spring2015,E299B,jArray1,array_declaration_v2:1.0:4.86;using_array_v2:1.0:5.96;use_array_v2:1.0:4.28;use_array_v2:0.0:1.1;JavaTutorial_4_7_5:1.0:27.03;JavaTutorial_4_7_2:1.0:6.27;JavaTutorial_4_7_6:0.0:3.24;,0,0,2015-04-13 18:47:37.607,P::GLOBAL::COS,3,using_array_v2;array_declaration_v2;ae_use_2darray_v2;use_array_v2;ae_multidimarray_demo;
sia28,IS17Spring2015,E299B,jArray1,array_declaration_v2:1.0:4.86;using_array_v2:1.0:5.96;use_array_v2:1.0:4.28;use_array_v2:0.0:1.1;JavaTutorial_4_7_5:1.0:27.03;JavaTutorial_4_7_2:1.0:6.27;JavaTutorial_4_7_6:0.0:3.24;,0,0,2015-04-13 18:47:37.607,P::LOCAL::COS,1,JavaTutorial_4_2_2;ae_while_v2;ae_do_while_v2;JavaTutorial_4_4_2;using_array_v2;
sia28,IS17Spring2015,E299B,jArray1,array_declaration_v2:1.0:4.86;using_array_v2:1.0:5.96;use_array_v2:1.0:4.28;use_array_v2:0.0:1.1;JavaTutorial_4_7_5:1.0:27.03;JavaTutorial_4_7_2:1.0:6.27;JavaTutorial_4_7_6:0.0:3.24;,0,0,2015-04-13 18:47:37.607,P::GLOBAL::AS::GOAL,1,array_declaration_v2;JavaTutorial_4_7_6;ae_use_2darray_v2;ae_multidimarray_demo;use_2darray_v2;
sia28,IS17Spring2015,E299B,jArray1,array_declaration_v2:1.0:4.86;using_array_v2:1.0:5.96;use_array_v2:1.0:4.28;use_array_v2:0.0:1.1;JavaTutorial_4_7_5:1.0:27.03;JavaTutorial_4_7_2:1.0:6.27;JavaTutorial_4_7_6:0.0:3.24;,0,0,2015-04-13 18:47:37.607,P::GLOBAL::COS::GOAL,1,use_2darray_v2;ae_use_2darray_v2;ae_multidimarray_demo;JavaTutorial_4_7_6;array_declaration_v2;
sia28,IS17Spring2015,E299B,jArray1,array_declaration_v2:1.0:4.86;using_array_v2:1.0:5.96;use_array_v2:1.0:4.28;use_array_v2:0.0:1.1;JavaTutorial_4_7_5:1.0:27.03;JavaTutorial_4_7_2:1.0:6.27;JavaTutorial_4_7_6:0.0:3.24;,0,0,2015-04-13 18:47:37.607,P::LOCAL::AS::GOAL,2,ae_array_demo;ae_multidimarray_demo;ae_use_array_v2;use_array_v2;array_declaration_v2;
sia28,IS17Spring2015,E299B,jArray1,array_declaration_v2:1.0:4.86;using_array_v2:1.0:5.96;use_array_v2:1.0:4.28;use_array_v2:0.0:1.1;JavaTutorial_4_7_5:1.0:27.03;JavaTutorial_4_7_2:1.0:6.27;JavaTutorial_4_7_6:0.0:3.24;,0,0,2015-04-13 18:47:37.607,P::LOCAL::COS::GOAL,1,ae_multidimarray_demo;use_array_v2;ae_use_array_v2;use_2darray_v2;ae_use_2darray_v2;
sjk94,IS17Spring2015,E0B88,jVariable1,increment_v2:0.125:6.83;CompoundAssignment:0.5:26.36;MathFunction_v2:0.25:4.56;,0,0,2015-01-20 11:12:53.578,NAIVE::LOCAL,1,CompoundAssignment;JavaTutorial_4_6_9;JavaTutorial_4_6_6;
sjk94,IS17Spring2015,E0B88,jVariable1,increment_v2:0.125:6.83;CompoundAssignment:0.5:26.36;MathFunction_v2:0.25:4.56;,0,0,2015-01-20 11:12:53.578,GLOBAL::AS,1,CompoundAssignment;JavaTutorial_4_1_5;JavaTutorial_4_1_3;
sjk94,IS17Spring2015,E0B88,jVariable1,increment_v2:0.125:6.83;CompoundAssignment:0.5:26.36;MathFunction_v2:0.25:4.56;,0,0,2015-01-20 11:12:53.578,P::GLOBAL::AS,1,variables1_v2;JavaTutorial_4_1_5;CompoundAssignment;
sjk94,IS17Spring2015,E0B88,jVariable1,increment_v2:0.125:6.83;CompoundAssignment:0.5:26.36;MathFunction_v2:0.25:4.56;,0,0,2015-01-20 11:12:53.578,P::LOCAL::COS,1,CompoundAssignment;ae_JavaTutorial_4_7_8;JavaTutorial_4_7_5;
sjk94,IS17Spring2015,E0B88,jVariable1,increment_v2:0.125:6.83;CompoundAssignment:0.5:26.36;MathFunction_v2:0.25:4.56;,0,0,2015-01-20 11:12:53.578,P::GLOBAL::AS::GOAL,1,CompoundAssignment;JavaTutorial_4_6_9;JavaTutorial_4_6_6;
sjk94,IS17Spring2015,E0B88,jVariable1,increment_v2:0.125:6.83;CompoundAssignment:0.5:26.36;MathFunction_v2:0.25:4.56;,0,0,2015-01-20 11:12:53.578,P::LOCAL::AS::GOAL,1,CompoundAssignment;ae_JavaTutorial_4_7_8;JavaTutorial_4_7_5;
sjk94,IS17Spring2015,E0B88,jVariable1,increment_v2:0.125:6.83;CompoundAssignment:0.5:26.36;MathFunction_v2:0.25:4.56;,0,0,2015-01-20 11:12:53.578,P::LOCAL::COS::GOAL,1,CompoundAssignment;JavaTutorial_4_6_6;ae_JavaTutorial_4_6_6;
sjk94,IS17Spring2015,E0B88,jPostIncrement,increment_v2:0.25:1.38;,1,1,2015-01-20 11:16:50.578,GLOBAL::AS,1,increment_v2;
sjk94,IS17Spring2015,E0B88,jPostIncrement,increment_v2:0.25:1.38;,1,1,2015-01-20 11:16:50.578,P::GLOBAL::AS::GOAL,1,increment_v2;
sjk94,IS17Spring2015,EC825,jArrayList3,arraylist2_v2:0.9230769230769231:13.25;JavaTutorial_4_7_4:1.0:1.3;ArrayListTester:1.0:16.98;,0,0,2015-03-24 09:21:53.140,P::GLOBAL::AS,1,ArrayListTester;ae_BJ4_ch03_s06_BankAccountTester;Bank;
sjk94,IS17Spring2015,EC825,jArrayList3,arraylist2_v2:0.9230769230769231:13.25;JavaTutorial_4_7_4:1.0:1.3;ArrayListTester:1.0:16.98;,0,0,2015-03-24 09:21:53.140,P::GLOBAL::COS,1,ArrayListTester;ae_BJ4_ch03_s06_BankAccountTester;BankAccountTester;
sjk94,IS17Spring2015,EC825,jArrayList3,arraylist2_v2:0.9230769230769231:13.25;JavaTutorial_4_7_4:1.0:1.3;ArrayListTester:1.0:16.98;,0,0,2015-03-24 09:21:53.140,P::GLOBAL::AS::GOAL,1,ArrayListTester;Bank;GradeBook;
sjk94,IS17Spring2015,EC825,jArrayList3,arraylist2_v2:0.9230769230769231:13.25;JavaTutorial_4_7_4:1.0:1.3;ArrayListTester:1.0:16.98;,0,0,2015-03-24 09:21:53.140,P::LOCAL::COS::GOAL,1,wrapper_class_v2;ae_wrapper_class_v2;ArrayListTester;
sjk94,IS17Spring2015,AB339,jInheritance5,inheritance_polymorphism_2:0.5555555555555556:4.14;inheritance_constructors_1:1.0:4.06;OverridingObjectMethods:0.25:16.44;,0,0,2015-04-02 09:23:32.984,NAIVE::LOCAL,1,OverridingObjectMethods;CashRegisterConstantField;override_v2;
sjk94,IS17Spring2015,AB339,jInheritance5,inheritance_polymorphism_2:0.5555555555555556:4.14;inheritance_constructors_1:1.0:4.06;OverridingObjectMethods:0.25:16.44;,0,0,2015-04-02 09:23:32.984,GLOBAL::AS,1,OverridingObjectMethods;CashRegisterConstantField;ae_Measure;
sjk94,IS17Spring2015,AB339,jInheritance5,inheritance_polymorphism_2:0.5555555555555556:4.14;inheritance_constructors_1:1.0:4.06;OverridingObjectMethods:0.25:16.44;,0,0,2015-04-02 09:23:32.984,GLOBAL::COS,1,CashRegisterConstantField;OverridingObjectMethods;thisReference;
sjk94,IS17Spring2015,AB339,jInheritance5,inheritance_polymorphism_2:0.5555555555555556:4.14;inheritance_constructors_1:1.0:4.06;OverridingObjectMethods:0.25:16.44;,0,0,2015-04-02 09:23:32.984,P::GLOBAL::AS,1,OverridingObjectMethods;CashRegisterConstantField;poly_v2;
sjk94,IS17Spring2015,AB339,jInheritance5,inheritance_polymorphism_2:0.5555555555555556:4.14;inheritance_constructors_1:1.0:4.06;OverridingObjectMethods:0.25:16.44;,0,0,2015-04-02 09:23:32.984,P::GLOBAL::COS,1,OverridingObjectMethods;poly_v2;inheritance_casting_1;
sjk94,IS17Spring2015,AB339,jInheritance5,inheritance_polymorphism_2:0.5555555555555556:4.14;inheritance_constructors_1:1.0:4.06;OverridingObjectMethods:0.25:16.44;,0,0,2015-04-02 09:23:32.984,P::GLOBAL::AS::GOAL,1,OverridingObjectMethods;poly_v2;inheritance_casting_1;
sjk94,IS17Spring2015,AB339,jInheritance5,inheritance_polymorphism_2:0.5555555555555556:4.14;inheritance_constructors_1:1.0:4.06;OverridingObjectMethods:0.25:16.44;,0,0,2015-04-02 09:23:32.984,P::GLOBAL::COS::GOAL,1,OverridingObjectMethods;poly_v2;inheritance_casting_1;
sjk94,IS17Spring2015,AB339,jInheritance5,inheritance_polymorphism_2:0.5555555555555556:4.14;inheritance_constructors_1:1.0:4.06;OverridingObjectMethods:0.25:16.44;,0,0,2015-04-02 09:23:32.984,P::LOCAL::AS::GOAL,2,inheritance1_v2;OverridingObjectMethods;inheritance_constructors_1;
sjk94,IS17Spring2015,AB339,jInheritance5,inheritance_polymorphism_2:0.5555555555555556:4.14;inheritance_constructors_1:1.0:4.06;OverridingObjectMethods:0.25:16.44;,0,0,2015-04-02 09:23:32.984,P::LOCAL::COS::GOAL,1,inheritance1_v2;OverridingObjectMethods;override_v2;
ryp6,IS17Spring2015,95727,jDouble1,TypeCasting_v2:1.0:34.33;,1,1,2015-01-17 00:52:57.734,NAIVE::LOCAL,1,TypeCasting_v2;
ryp6,IS17Spring2015,95727,jDouble1,TypeCasting_v2:1.0:34.33;,1,1,2015-01-17 00:52:57.734,GLOBAL::AS,1,TypeCasting_v2;
ryp6,IS17Spring2015,95727,jDouble1,TypeCasting_v2:1.0:34.33;,1,1,2015-01-17 00:52:57.734,LOCAL::AS,1,TypeCasting_v2;
ryp6,IS17Spring2015,95727,jDouble1,TypeCasting_v2:1.0:34.33;,1,1,2015-01-17 00:52:57.734,LOCAL::COS,1,TypeCasting_v2;
ryp6,IS17Spring2015,95727,jDouble1,TypeCasting_v2:1.0:34.33;,1,1,2015-01-17 00:52:57.734,P::LOCAL::AS,1,TypeCasting_v2;
ryp6,IS17Spring2015,95727,jDouble1,TypeCasting_v2:1.0:34.33;,1,1,2015-01-17 00:52:57.734,P::LOCAL::AS::GOAL,1,TypeCasting_v2;
ryp6,IS17Spring2015,C27C4,jStringEqual,stringEquals:0.75:15.27;StringsReplace:1.0:7.97;StringsEqualsIgnoreCase:1.0:6.33;,1,4,2015-01-18 22:11:46.718,NAIVE::LOCAL,1,CreateString_v2;StringsEqualsIgnoreCase;CreateObjectDemo_v2;
ryp6,IS17Spring2015,C27C4,jStringEqual,stringEquals:0.75:15.27;StringsReplace:1.0:7.97;StringsEqualsIgnoreCase:1.0:6.33;,1,4,2015-01-18 22:11:46.718,GLOBAL::AS,1,StringsEqualsIgnoreCase;string_comparison_v2;StringsCharAt;
ryp6,IS17Spring2015,C27C4,jStringEqual,stringEquals:0.75:15.27;StringsReplace:1.0:7.97;StringsEqualsIgnoreCase:1.0:6.33;,1,4,2015-01-18 22:11:46.718,GLOBAL::COS,1,StringsEqualsIgnoreCase;CreateString_v2;StringsCharAt;
ryp6,IS17Spring2015,C27C4,jStringEqual,stringEquals:0.75:15.27;StringsReplace:1.0:7.97;StringsEqualsIgnoreCase:1.0:6.33;,1,4,2015-01-18 22:11:46.718,P::GLOBAL::AS,1,StringsEqualsIgnoreCase;CreateString_v2;string_comparison_v2;
ryp6,IS17Spring2015,C27C4,jStringEqual,stringEquals:0.75:15.27;StringsReplace:1.0:7.97;StringsEqualsIgnoreCase:1.0:6.33;,1,4,2015-01-18 22:11:46.718,P::GLOBAL::COS,1,StringsEqualsIgnoreCase;CreateString_v2;string_comparison_v2;
ryp6,IS17Spring2015,C27C4,jStringEqual,stringEquals:0.75:15.27;StringsReplace:1.0:7.97;StringsEqualsIgnoreCase:1.0:6.33;,1,4,2015-01-18 22:11:46.718,P::LOCAL::AS,1,ae_BJ4_ch01_s05_HelloPrinter;HelloPrinter;StringsEqualsIgnoreCase;
ryp6,IS17Spring2015,C27C4,jStringEqual,stringEquals:0.75:15.27;StringsReplace:1.0:7.97;StringsEqualsIgnoreCase:1.0:6.33;,1,4,2015-01-18 22:11:46.718,P::GLOBAL::AS::GOAL,1,StringsEqualsIgnoreCase;CreateString_v2;string_comparison_v2;
ryp6,IS17Spring2015,C27C4,jStringEqual,stringEquals:0.75:15.27;StringsReplace:1.0:7.97;StringsEqualsIgnoreCase:1.0:6.33;,1,4,2015-01-18 22:11:46.718,P::GLOBAL::COS::GOAL,1,StringsEqualsIgnoreCase;CreateString_v2;OverridingObjectMethods;
ryp6,IS17Spring2015,C27C4,jStringEqual,stringEquals:0.75:15.27;StringsReplace:1.0:7.97;StringsEqualsIgnoreCase:1.0:6.33;,1,4,2015-01-18 22:11:46.718,P::LOCAL::AS::GOAL,1,StringsEqualsIgnoreCase;CreateObjectDemo_v2;string_comparison_v2;
ryp6,IS17Spring2015,C27C4,jStringEqual,stringEquals:0.75:15.27;StringsReplace:1.0:7.97;StringsEqualsIgnoreCase:1.0:6.33;,1,4,2015-01-18 22:11:46.718,P::LOCAL::COS::GOAL,1,StringsEqualsIgnoreCase;CreateObjectDemo_v2;ae_tostring_demo;
ryp6,IS17Spring2015,C27C4,jBoolean_Method,CreateString_v2:0.0:0.06;CreateString_v2:1.0:11.28;boolean_declaration_v2:1.0:2.06;boolean_expression_v2:1.0:8.72;boolean_operators_v2:0.75:8.08;,1,1,2015-01-18 22:25:54.937,GLOBAL::AS,1,JavaTutorial_4_2_5;Decision_If_v2;CreateString_v2;ae_exception_v2;
ryp6,IS17Spring2015,C27C4,jBoolean_Method,CreateString_v2:0.0:0.06;CreateString_v2:1.0:11.28;boolean_declaration_v2:1.0:2.06;boolean_expression_v2:1.0:8.72;boolean_operators_v2:0.75:8.08;,1,1,2015-01-18 22:25:54.937,GLOBAL::COS,1,StringsEqualsIgnoreCase;CreateString_v2;JavaTutorial_4_2_5;ae_comparison_operators_v2;
ryp6,IS17Spring2015,C27C4,jBoolean_Method,CreateString_v2:0.0:0.06;CreateString_v2:1.0:11.28;boolean_declaration_v2:1.0:2.06;boolean_expression_v2:1.0:8.72;boolean_operators_v2:0.75:8.08;,1,1,2015-01-18 22:25:54.937,P::GLOBAL::AS,1,CreateString_v2;JavaTutorial_4_2_5;Decision_If_v2;StringsEqualsIgnoreCase;
ryp6,IS17Spring2015,C27C4,jBoolean_Method,CreateString_v2:0.0:0.06;CreateString_v2:1.0:11.28;boolean_declaration_v2:1.0:2.06;boolean_expression_v2:1.0:8.72;boolean_operators_v2:0.75:8.08;,1,1,2015-01-18 22:25:54.937,P::GLOBAL::COS,1,CreateString_v2;JavaTutorial_4_2_5;Decision_If_v2;StringsEqualsIgnoreCase;
qig13,IS17Spring2015,EB860,jPostDecrement,CompoundAssignment:0.6666666666666666:1.17;Decrement:0.25:1.67;increment_v2:0.625:11.27;Decrement:0.125:414.83;,0,1,2015-01-15 21:04:59.624,NAIVE::LOCAL,1,Decrement;OperatorExample_v2;ae_unary_demo;JavaTutorial_4_6_8;
qig13,IS17Spring2015,EB860,jPostDecrement,CompoundAssignment:0.6666666666666666:1.17;Decrement:0.25:1.67;increment_v2:0.625:11.27;Decrement:0.125:414.83;,0,1,2015-01-15 21:04:59.624,GLOBAL::AS,1,Decrement;JavaTutorial_4_1_5;JavaTutorial_4_1_3;ae_JavaTutorial_4_1_3;
qig13,IS17Spring2015,EB860,jPostDecrement,CompoundAssignment:0.6666666666666666:1.17;Decrement:0.25:1.67;increment_v2:0.625:11.27;Decrement:0.125:414.83;,0,1,2015-01-15 21:04:59.624,P::GLOBAL::AS,1,JavaTutorial_4_1_5;variables1_v2;Decrement;OperatorExample_v2;
qig13,IS17Spring2015,EB860,jPostDecrement,CompoundAssignment:0.6666666666666666:1.17;Decrement:0.25:1.67;increment_v2:0.625:11.27;Decrement:0.125:414.83;,0,1,2015-01-15 21:04:59.624,P::GLOBAL::AS::GOAL,1,Decrement;JavaTutorial_4_6_8;ae_nested_loops_v2;nested_loops_v2;
qig13,IS17Spring2015,EB860,jPostDecrement,CompoundAssignment:0.6666666666666666:1.17;Decrement:0.25:1.67;increment_v2:0.625:11.27;Decrement:0.125:414.83;,0,1,2015-01-15 21:04:59.624,P::LOCAL::COS::GOAL,1,JavaTutorial_4_6_8;ae_nested_loops_v2;nested_loops_v2;Decrement;
qig13,IS17Spring2015,EB860,jMathFuc1,MathFunction_v2:1.0:2.78;,1,1,2015-01-15 21:16:39.624,NAIVE::LOCAL,1,MathFunction_v2;
qig13,IS17Spring2015,EB860,jMathFuc1,MathFunction_v2:1.0:2.78;,1,1,2015-01-15 21:16:39.624,GLOBAL::COS,1,MathFunction_v2;
qig13,IS17Spring2015,EB860,jMathFuc1,MathFunction_v2:1.0:2.78;,1,1,2015-01-15 21:16:39.624,P::GLOBAL::AS::GOAL,1,MathFunction_v2;
qig13,IS17Spring2015,EB860,jMathFuc1,MathFunction_v2:1.0:2.78;,1,1,2015-01-15 21:16:39.624,P::GLOBAL::COS::GOAL,1,MathFunction_v2;
qig13,IS17Spring2015,EB860,jMathFuc1,MathFunction_v2:1.0:2.78;,1,1,2015-01-15 21:16:39.624,P::LOCAL::AS::GOAL,1,MathFunction_v2;
qig13,IS17Spring2015,EB860,jMathFuc1,MathFunction_v2:1.0:2.78;,1,1,2015-01-15 21:16:39.624,P::LOCAL::COS::GOAL,1,MathFunction_v2;
dch38,IS17Spring2015,88D75,jOperator1,OperatorExample_v2:1.0:4.7;ifelse2_v2:0.75:11.47;,1,2,2015-01-27 14:18:53.234,NAIVE::LOCAL,1,OperatorExample_v2;ae_arithmetic_v2;
dch38,IS17Spring2015,88D75,jOperator1,OperatorExample_v2:1.0:4.7;ifelse2_v2:0.75:11.47;,1,2,2015-01-27 14:18:53.234,GLOBAL::AS,1,OperatorExample_v2;JavaTutorial_4_1_5;
dch38,IS17Spring2015,88D75,jOperator1,OperatorExample_v2:1.0:4.7;ifelse2_v2:0.75:11.47;,1,2,2015-01-27 14:18:53.234,GLOBAL::COS,1,OperatorExample_v2;Decision_If_v2;
dch38,IS17Spring2015,88D75,jOperator1,OperatorExample_v2:1.0:4.7;ifelse2_v2:0.75:11.47;,1,2,2015-01-27 14:18:53.234,LOCAL::AS,1,OperatorExample_v2;create_2d_array_v2;
dch38,IS17Spring2015,88D75,jOperator1,OperatorExample_v2:1.0:4.7;ifelse2_v2:0.75:11.47;,1,2,2015-01-27 14:18:53.234,LOCAL::COS,1,OperatorExample_v2;ae_BJ4_ch01_s05_HelloPrinter;
dch38,IS17Spring2015,88D75,jOperator1,OperatorExample_v2:1.0:4.7;ifelse2_v2:0.75:11.47;,1,2,2015-01-27 14:18:53.234,P::GLOBAL::AS,1,variables1_v2;OperatorExample_v2;
dch38,IS17Spring2015,88D75,jOperator1,OperatorExample_v2:1.0:4.7;ifelse2_v2:0.75:11.47;,1,2,2015-01-27 14:18:53.234,P::LOCAL::AS,1,OperatorExample_v2;HelloPrinter;
dch38,IS17Spring2015,88D75,jOperator1,OperatorExample_v2:1.0:4.7;ifelse2_v2:0.75:11.47;,1,2,2015-01-27 14:18:53.234,P::LOCAL::COS,1,OperatorExample_v2;ae_BJ4_ch01_s05_HelloPrinter;
dch38,IS17Spring2015,88D75,jOperator1,OperatorExample_v2:1.0:4.7;ifelse2_v2:0.75:11.47;,1,2,2015-01-27 14:18:53.234,P::GLOBAL::AS::GOAL,1,OperatorExample_v2;Decision_If_v2;
dch38,IS17Spring2015,88D75,jOperator1,OperatorExample_v2:1.0:4.7;ifelse2_v2:0.75:11.47;,1,2,2015-01-27 14:18:53.234,P::GLOBAL::COS::GOAL,1,Decision_If_v2;ifelse2_v2;
dch38,IS17Spring2015,88D75,jOperator1,OperatorExample_v2:1.0:4.7;ifelse2_v2:0.75:11.47;,1,2,2015-01-27 14:18:53.234,P::LOCAL::AS::GOAL,1,OperatorExample_v2;ae_while_demo;
dch38,IS17Spring2015,88D75,jOperator1,OperatorExample_v2:1.0:4.7;ifelse2_v2:0.75:11.47;,1,2,2015-01-27 14:18:53.234,P::LOCAL::COS::GOAL,1,OperatorExample_v2;Decision_If_v2;
dch38,IS17Spring2015,88D75,jMathCeil,TypeCasting_v2:0.0:2.89;MathFunction_v2:0.25:0;,0,0,2015-01-27 14:42:23.062,NAIVE::LOCAL,1,MathFunction_v2;
dch38,IS17Spring2015,88D75,jMathCeil,TypeCasting_v2:0.0:2.89;MathFunction_v2:0.25:0;,0,0,2015-01-27 14:42:23.062,GLOBAL::COS,1,MathFunction_v2;
dch38,IS17Spring2015,88D75,jMathCeil,TypeCasting_v2:0.0:2.89;MathFunction_v2:0.25:0;,0,0,2015-01-27 14:42:23.062,LOCAL::AS,1,MathFunction_v2;
dch38,IS17Spring2015,88D75,jMathCeil,TypeCasting_v2:0.0:2.89;MathFunction_v2:0.25:0;,0,0,2015-01-27 14:42:23.062,P::GLOBAL::AS,1,MathFunction_v2;
dch38,IS17Spring2015,88D75,jMathCeil,TypeCasting_v2:0.0:2.89;MathFunction_v2:0.25:0;,0,0,2015-01-27 14:42:23.062,P::GLOBAL::COS,1,MathFunction_v2;
dch38,IS17Spring2015,88D75,jMathCeil,TypeCasting_v2:0.0:2.89;MathFunction_v2:0.25:0;,0,0,2015-01-27 14:42:23.062,P::GLOBAL::AS::GOAL,1,MathFunction_v2;
dch38,IS17Spring2015,88D75,jMathCeil,TypeCasting_v2:0.0:2.89;MathFunction_v2:0.25:0;,0,0,2015-01-27 14:42:23.062,P::GLOBAL::COS::GOAL,1,MathFunction_v2;
dch38,IS17Spring2015,88D75,jMathCeil,TypeCasting_v2:0.0:2.89;MathFunction_v2:0.25:0;,0,0,2015-01-27 14:42:23.062,P::LOCAL::AS::GOAL,1,MathFunction_v2;
rab168,IS17Spring2015,4D290,j2D_Arrays1,create_2d_array_v2:1.0:2.03;array_declaration_v2:1.0:9.22;JavaTutorial_4_7_5:0.0:2.03;array_declaration_v2:0.5:0.77;array_declaration_v2:0.5:0.61;JavaTutorial_4_7_5:1.0:34.94;create_2d_array_v2:0.0:1.58;JavaTutorial_4_7_5:0.0:1.24;use_2darray_v2:0.0:1.75;JavaTutorial_4_7_7:1.0:15.49;TicTacToe:1.0:13.7;override_v2:1.0:227.27;simple_inheritance_1:0.16666666666666666:12.84;,0,0,2015-04-12 21:15:30.498,RANDOM::BASELINE,1,create_2d_array_v2;ae_decisions1_v2;PrimitiveDataTypes_v2;ae_JavaTutorial_4_6_6;decisions1_v2;substring_v2;constant_v2;OperatorExample_v2;ae_JavaTutorial_4_2_7;JavaTutorial_4_2_5;JavaTutorial_4_2_6;Point_v2;switch_v2;Constants_v2;ae_BJ4_ch02_s09_MoveTester;MathFunction_v2;ae_StringExample_v2;JavaTutorial_4_2_2;HelloWorld2_v2;for1_v2;interfaceClassConversion;CounterDemo;comparison_operators_v2;StringsReplace;ae_BJ4_ch02_s06_ConstructorDemo;variables2_v2;VariableDemo;Measure;ae_relational_operators_v2;Decrement;Bicycle_v2;ae_multidimarray_demo;ae_comparison_operators_v2;ae_EnhancedForLoopDemo;ae_BJ4_ch01_s05_HelloPrinter;HelloPrinter;JavaTutorial_4_6_9;increment_v2;JavaTutorial_4_6_7;ae_arithmetic_v2;JavaTutorial_4_6_8;ObjectEquality;JavaTutorial_4_2_9;JavaTutorial_4_6_5;JavaTutorial_4_6_6;JavaTutorial_4_2_7;MethodDemo;JavaTutorial_4_2_8;ifelse2_v2;TypeCasting_v2;ae_use_2darray_v2;using_array_v2;Bank;StringsParse;StringsEqualsIgnoreCase;CreateObjectDemo_v2;ae_array_demo;ae_JavaTutorial_4_1_3;arraylist2_v2;JavaTutorial_4_1_5;ae_conditional_demo1;JavaTutorial_4_1_3;boolean_operators_v2;TicTacToe;ConstructorDemo;CreateString_v2;EnhancedForLoopDemo;CompoundAssignment;ae_do_while_v2;override_v2;boolean_expression_v2;simple_inheritance_1;ae_tostring_demo;JavaTutorial_4_6_14;ae_use_array_v2;JavaTutorial_4_6_12;do_while_v2;exception_v2;ae_primitive_datatype_demo;arithmetic_v2;ae_constant_demo;inheritance_constructors_1;use_2darray_v2;inheritance1_v2;poly_v2;ae_constant_math_demo;JavaTutorial_4_4_3;StringExample_v2;ae_cash_register_constant_demo;JavaTutorial_4_4_2;ae_BJ4_ch03_s06_BankAccountTester;ae_while_v2;GradeBook;BankAccountTester;ae_concat_demo;ae_BJ4_ch02_s05_MethodDemo;inheritance_casting_1;testNull;ae_nested_for_demo;ae_BJ4_ch02_s07_AccessorMutatorDemo;ae_unary_demo;ae_BJ4_ch02_s10_CopyDemo;ArrayListTester;arraylist1_v2;inheritance_polymorphism_2;inheritance_polymorphism_1;ae_Measure;Decision_If_v2;imple_multi_v2;StringsCharAt;CopyDemo;logical_operators_v2;jeg_interface1_v2;nested_loops_v2;ae_BJ4_ch01_s05_PrintTester;string_length_v2;ae_JavaTutorial_4_7_5;Rectangle_v2;PrintTester;ae_JavaTutorial_4_7_4;ae_BJ4_ch03_s06_CashRegisterTester;OverridingObjectMethods;while_v2;JavaTutorial_4_3_4;JavaTutorial_4_3_5;JavaTutorial_4_3_2;ae_BJ4_ch03_s01_CounterDemo;ae_arraylist2_v2;ae_for_demo;array_declaration_v2;ae_wrapper_class_v2;boolean_declaration_v2;InterfacePolymorphism;ae_BJ4_ch02_s03_VariableDemo;use_array_v2;ae_exception_v2;CashRegisterConstantField;ae_jeg_interface1_v2;AccessorMutatorDemo;ae_nested_loops_v2;ae_while_demo;ae_do_while_demo;thisReference;ae_inheritance_polymorphism_2;JavaTutorial_4_7_8;JavaTutorial_4_7_6;variables1_v2;JavaTutorial_4_7_7;relational_operators_v2;ae_inheritance_polymorphism_1;stringEquals;JavaTutorial_4_7_4;string_comparison_v2;ae_switch_demo1;JavaTutorial_4_7_5;ae_switch_demo2;JavaTutorial_4_7_2;JavaTutorial_4_3_6;ae_simple_inheritance_1;nested_loops2_v2;conditional_operators_v2;ae_JavaTutorial_4_7_8;wrapper_class_v2;
rab168,IS17Spring2015,4D290,j2D_Arrays1,create_2d_array_v2:1.0:2.03;array_declaration_v2:1.0:9.22;JavaTutorial_4_7_5:0.0:2.03;array_declaration_v2:0.5:0.77;array_declaration_v2:0.5:0.61;JavaTutorial_4_7_5:1.0:34.94;create_2d_array_v2:0.0:1.58;JavaTutorial_4_7_5:0.0:1.24;use_2darray_v2:0.0:1.75;JavaTutorial_4_7_7:1.0:15.49;TicTacToe:1.0:13.7;override_v2:1.0:227.27;simple_inheritance_1:0.16666666666666666:12.84;,0,0,2015-04-12 21:15:30.498,NAIVE::LOCAL,3,ae_use_2darray_v2;use_2darray_v2;create_2d_array_v2;array_declaration_v2;JavaTutorial_4_7_5;ae_JavaTutorial_4_7_5;JavaTutorial_4_7_2;ae_multidimarray_demo;ae_JavaTutorial_4_7_8;
rab168,IS17Spring2015,4D290,j2D_Arrays1,create_2d_array_v2:1.0:2.03;array_declaration_v2:1.0:9.22;JavaTutorial_4_7_5:0.0:2.03;array_declaration_v2:0.5:0.77;array_declaration_v2:0.5:0.61;JavaTutorial_4_7_5:1.0:34.94;create_2d_array_v2:0.0:1.58;JavaTutorial_4_7_5:0.0:1.24;use_2darray_v2:0.0:1.75;JavaTutorial_4_7_7:1.0:15.49;TicTacToe:1.0:13.7;override_v2:1.0:227.27;simple_inheritance_1:0.16666666666666666:12.84;,0,0,2015-04-12 21:15:30.498,GLOBAL::AS,3,create_2d_array_v2;ae_use_2darray_v2;ae_multidimarray_demo;use_2darray_v2;array_declaration_v2;JavaTutorial_4_7_6;ae_array_demo;using_array_v2;JavaTutorial_4_7_5;
rab168,IS17Spring2015,4D290,j2D_Arrays1,create_2d_array_v2:1.0:2.03;array_declaration_v2:1.0:9.22;JavaTutorial_4_7_5:0.0:2.03;array_declaration_v2:0.5:0.77;array_declaration_v2:0.5:0.61;JavaTutorial_4_7_5:1.0:34.94;create_2d_array_v2:0.0:1.58;JavaTutorial_4_7_5:0.0:1.24;use_2darray_v2:0.0:1.75;JavaTutorial_4_7_7:1.0:15.49;TicTacToe:1.0:13.7;override_v2:1.0:227.27;simple_inheritance_1:0.16666666666666666:12.84;,0,0,2015-04-12 21:15:30.498,GLOBAL::COS,3,ae_multidimarray_demo;ae_use_2darray_v2;use_2darray_v2;create_2d_array_v2;ae_array_demo;ae_use_array_v2;array_declaration_v2;JavaTutorial_4_7_5;ae_JavaTutorial_4_7_5;
rab168,IS17Spring2015,4D290,j2D_Arrays1,create_2d_array_v2:1.0:2.03;array_declaration_v2:1.0:9.22;JavaTutorial_4_7_5:0.0:2.03;array_declaration_v2:0.5:0.77;array_declaration_v2:0.5:0.61;JavaTutorial_4_7_5:1.0:34.94;create_2d_array_v2:0.0:1.58;JavaTutorial_4_7_5:0.0:1.24;use_2darray_v2:0.0:1.75;JavaTutorial_4_7_7:1.0:15.49;TicTacToe:1.0:13.7;override_v2:1.0:227.27;simple_inheritance_1:0.16666666666666666:12.84;,0,0,2015-04-12 21:15:30.498,LOCAL::AS,2,create_2d_array_v2;variables2_v2;array_declaration_v2;using_array_v2;string_length_v2;ae_use_2darray_v2;use_2darray_v2;OperatorExample_v2;ae_use_array_v2;
rab168,IS17Spring2015,4D290,j2D_Arrays1,create_2d_array_v2:1.0:2.03;array_declaration_v2:1.0:9.22;JavaTutorial_4_7_5:0.0:2.03;array_declaration_v2:0.5:0.77;array_declaration_v2:0.5:0.61;JavaTutorial_4_7_5:1.0:34.94;create_2d_array_v2:0.0:1.58;JavaTutorial_4_7_5:0.0:1.24;use_2darray_v2:0.0:1.75;JavaTutorial_4_7_7:1.0:15.49;TicTacToe:1.0:13.7;override_v2:1.0:227.27;simple_inheritance_1:0.16666666666666666:12.84;,0,0,2015-04-12 21:15:30.498,LOCAL::COS,2,create_2d_array_v2;ae_use_2darray_v2;use_2darray_v2;ae_multidimarray_demo;variables2_v2;ae_array_demo;array_declaration_v2;ae_use_array_v2;using_array_v2;
rab168,IS17Spring2015,4D290,j2D_Arrays1,create_2d_array_v2:1.0:2.03;array_declaration_v2:1.0:9.22;JavaTutorial_4_7_5:0.0:2.03;array_declaration_v2:0.5:0.77;array_declaration_v2:0.5:0.61;JavaTutorial_4_7_5:1.0:34.94;create_2d_array_v2:0.0:1.58;JavaTutorial_4_7_5:0.0:1.24;use_2darray_v2:0.0:1.75;JavaTutorial_4_7_7:1.0:15.49;TicTacToe:1.0:13.7;override_v2:1.0:227.27;simple_inheritance_1:0.16666666666666666:12.84;,0,0,2015-04-12 21:15:30.498,P::GLOBAL::AS,3,ae_multidimarray_demo;ae_use_2darray_v2;use_2darray_v2;create_2d_array_v2;array_declaration_v2;JavaTutorial_4_7_6;JavaTutorial_4_7_5;ae_JavaTutorial_4_7_5;using_array_v2;
rab168,IS17Spring2015,4D290,j2D_Arrays1,create_2d_array_v2:1.0:2.03;array_declaration_v2:1.0:9.22;JavaTutorial_4_7_5:0.0:2.03;array_declaration_v2:0.5:0.77;array_declaration_v2:0.5:0.61;JavaTutorial_4_7_5:1.0:34.94;create_2d_array_v2:0.0:1.58;JavaTutorial_4_7_5:0.0:1.24;use_2darray_v2:0.0:1.75;JavaTutorial_4_7_7:1.0:15.49;TicTacToe:1.0:13.7;override_v2:1.0:227.27;simple_inheritance_1:0.16666666666666666:12.84;,0,0,2015-04-12 21:15:30.498,P::GLOBAL::COS,3,ae_multidimarray_demo;ae_use_2darray_v2;use_2darray_v2;array_declaration_v2;create_2d_array_v2;JavaTutorial_4_7_5;ae_JavaTutorial_4_7_5;JavaTutorial_4_7_2;ae_JavaTutorial_4_7_8;
rab168,IS17Spring2015,4D290,j2D_Arrays1,create_2d_array_v2:1.0:2.03;array_declaration_v2:1.0:9.22;JavaTutorial_4_7_5:0.0:2.03;array_declaration_v2:0.5:0.77;array_declaration_v2:0.5:0.61;JavaTutorial_4_7_5:1.0:34.94;create_2d_array_v2:0.0:1.58;JavaTutorial_4_7_5:0.0:1.24;use_2darray_v2:0.0:1.75;JavaTutorial_4_7_7:1.0:15.49;TicTacToe:1.0:13.7;override_v2:1.0:227.27;simple_inheritance_1:0.16666666666666666:12.84;,0,0,2015-04-12 21:15:30.498,P::LOCAL::AS,2,create_2d_array_v2;ae_use_2darray_v2;use_2darray_v2;array_declaration_v2;ae_multidimarray_demo;ae_array_demo;using_array_v2;ae_use_array_v2;HelloPrinter;
rab168,IS17Spring2015,4D290,j2D_Arrays1,create_2d_array_v2:1.0:2.03;array_declaration_v2:1.0:9.22;JavaTutorial_4_7_5:0.0:2.03;array_declaration_v2:0.5:0.77;array_declaration_v2:0.5:0.61;JavaTutorial_4_7_5:1.0:34.94;create_2d_array_v2:0.0:1.58;JavaTutorial_4_7_5:0.0:1.24;use_2darray_v2:0.0:1.75;JavaTutorial_4_7_7:1.0:15.49;TicTacToe:1.0:13.7;override_v2:1.0:227.27;simple_inheritance_1:0.16666666666666666:12.84;,0,0,2015-04-12 21:15:30.498,P::LOCAL::COS,2,ae_use_2darray_v2;use_2darray_v2;create_2d_array_v2;ae_array_demo;ae_multidimarray_demo;array_declaration_v2;ae_use_array_v2;use_array_v2;using_array_v2;
rab168,IS17Spring2015,4D290,j2D_Arrays1,create_2d_array_v2:1.0:2.03;array_declaration_v2:1.0:9.22;JavaTutorial_4_7_5:0.0:2.03;array_declaration_v2:0.5:0.77;array_declaration_v2:0.5:0.61;JavaTutorial_4_7_5:1.0:34.94;create_2d_array_v2:0.0:1.58;JavaTutorial_4_7_5:0.0:1.24;use_2darray_v2:0.0:1.75;JavaTutorial_4_7_7:1.0:15.49;TicTacToe:1.0:13.7;override_v2:1.0:227.27;simple_inheritance_1:0.16666666666666666:12.84;,0,0,2015-04-12 21:15:30.498,P::GLOBAL::AS::GOAL,3,create_2d_array_v2;ae_multidimarray_demo;ae_use_2darray_v2;use_2darray_v2;JavaTutorial_4_7_7;TicTacToe;wrapper_class_v2;ae_JavaTutorial_4_7_8;conditional_operators_v2;
rab168,IS17Spring2015,4D290,j2D_Arrays1,create_2d_array_v2:1.0:2.03;array_declaration_v2:1.0:9.22;JavaTutorial_4_7_5:0.0:2.03;array_declaration_v2:0.5:0.77;array_declaration_v2:0.5:0.61;JavaTutorial_4_7_5:1.0:34.94;create_2d_array_v2:0.0:1.58;JavaTutorial_4_7_5:0.0:1.24;use_2darray_v2:0.0:1.75;JavaTutorial_4_7_7:1.0:15.49;TicTacToe:1.0:13.7;override_v2:1.0:227.27;simple_inheritance_1:0.16666666666666666:12.84;,0,0,2015-04-12 21:15:30.498,P::GLOBAL::COS::GOAL,3,JavaTutorial_4_7_7;use_2darray_v2;ae_use_2darray_v2;ae_multidimarray_demo;create_2d_array_v2;TicTacToe;ae_JavaTutorial_4_7_8;wrapper_class_v2;conditional_operators_v2;
rab168,IS17Spring2015,4D290,j2D_Arrays1,create_2d_array_v2:1.0:2.03;array_declaration_v2:1.0:9.22;JavaTutorial_4_7_5:0.0:2.03;array_declaration_v2:0.5:0.77;array_declaration_v2:0.5:0.61;JavaTutorial_4_7_5:1.0:34.94;create_2d_array_v2:0.0:1.58;JavaTutorial_4_7_5:0.0:1.24;use_2darray_v2:0.0:1.75;JavaTutorial_4_7_7:1.0:15.49;TicTacToe:1.0:13.7;override_v2:1.0:227.27;simple_inheritance_1:0.16666666666666666:12.84;,0,0,2015-04-12 21:15:30.498,P::LOCAL::AS::GOAL,3,use_2darray_v2;ae_use_2darray_v2;create_2d_array_v2;ae_multidimarray_demo;JavaTutorial_4_7_7;TicTacToe;wrapper_class_v2;ae_JavaTutorial_4_7_8;conditional_operators_v2;
rab168,IS17Spring2015,4D290,j2D_Arrays1,create_2d_array_v2:1.0:2.03;array_declaration_v2:1.0:9.22;JavaTutorial_4_7_5:0.0:2.03;array_declaration_v2:0.5:0.77;array_declaration_v2:0.5:0.61;JavaTutorial_4_7_5:1.0:34.94;create_2d_array_v2:0.0:1.58;JavaTutorial_4_7_5:0.0:1.24;use_2darray_v2:0.0:1.75;JavaTutorial_4_7_7:1.0:15.49;TicTacToe:1.0:13.7;override_v2:1.0:227.27;simple_inheritance_1:0.16666666666666666:12.84;,0,0,2015-04-12 21:15:30.498,P::LOCAL::COS::GOAL,3,use_2darray_v2;ae_use_2darray_v2;create_2d_array_v2;ae_multidimarray_demo;JavaTutorial_4_7_7;TicTacToe;wrapper_class_v2;ae_JavaTutorial_4_7_8;conditional_operators_v2;
ars205,IS17Spring2015,07AC3,jBoolean_Operators,JavaTutorial_4_2_2:1.0:7.92;,0,0,2015-02-02 19:10:21.390,NAIVE::LOCAL,1,JavaTutorial_4_2_2;
ars205,IS17Spring2015,07AC3,jBoolean_Operators,JavaTutorial_4_2_2:1.0:7.92;,0,0,2015-02-02 19:10:21.390,GLOBAL::AS,1,JavaTutorial_4_2_2;
ars205,IS17Spring2015,07AC3,jBoolean_Operators,JavaTutorial_4_2_2:1.0:7.92;,0,0,2015-02-02 19:10:21.390,GLOBAL::COS,1,JavaTutorial_4_2_2;
ars205,IS17Spring2015,07AC3,jBoolean_Operators,JavaTutorial_4_2_2:1.0:7.92;,0,0,2015-02-02 19:10:21.390,LOCAL::AS,1,JavaTutorial_4_2_2;
ars205,IS17Spring2015,07AC3,jBoolean_Operators,JavaTutorial_4_2_2:1.0:7.92;,0,0,2015-02-02 19:10:21.390,LOCAL::COS,1,JavaTutorial_4_2_2;
ars205,IS17Spring2015,07AC3,jBoolean_Operators,JavaTutorial_4_2_2:1.0:7.92;,0,0,2015-02-02 19:10:21.390,P::LOCAL::AS,1,JavaTutorial_4_2_2;
ars205,IS17Spring2015,07AC3,jBoolean_Operators,JavaTutorial_4_2_2:1.0:7.92;,0,0,2015-02-02 19:10:21.390,P::LOCAL::COS,1,JavaTutorial_4_2_2;
ars205,IS17Spring2015,07AC3,jBoolean_Operators,JavaTutorial_4_2_2:1.0:7.92;,0,0,2015-02-02 19:10:21.390,P::GLOBAL::AS::GOAL,1,JavaTutorial_4_2_2;
ars205,IS17Spring2015,07AC3,jIfelse1,OperatorExample_v2:0.0:6.41;OperatorExample_v2:0.0:1.39;OperatorExample_v2:1.0:10.8;,0,1,2015-02-02 19:21:27.093,P::GLOBAL::AS,1,OperatorExample_v2;
ars205,IS17Spring2015,07AC3,jIfelse1,OperatorExample_v2:0.0:6.41;OperatorExample_v2:0.0:1.39;OperatorExample_v2:1.0:10.8;,0,1,2015-02-02 19:21:27.093,P::GLOBAL::COS,1,OperatorExample_v2;
ars205,IS17Spring2015,07AC3,jIfelse1,OperatorExample_v2:0.0:6.41;OperatorExample_v2:0.0:1.39;OperatorExample_v2:1.0:10.8;,0,1,2015-02-02 19:21:27.093,P::LOCAL::COS,1,OperatorExample_v2;
tek29,IS17Spring2015,B13D5,jVariable1,JavaTutorial_4_6_9:0.5:27.79;,0,2,2015-02-05 17:23:31.667,GLOBAL::COS,1,JavaTutorial_4_6_9;
tek29,IS17Spring2015,B13D5,jOperator1,OperatorExample_v2:0.6666666666666666:11.78;,1,1,2015-02-05 17:26:42.584,NAIVE::LOCAL,1,OperatorExample_v2;
tek29,IS17Spring2015,B13D5,jOperator1,OperatorExample_v2:0.6666666666666666:11.78;,1,1,2015-02-05 17:26:42.584,GLOBAL::AS,1,OperatorExample_v2;
tek29,IS17Spring2015,B13D5,jOperator1,OperatorExample_v2:0.6666666666666666:11.78;,1,1,2015-02-05 17:26:42.584,GLOBAL::COS,1,OperatorExample_v2;
tek29,IS17Spring2015,B13D5,jOperator1,OperatorExample_v2:0.6666666666666666:11.78;,1,1,2015-02-05 17:26:42.584,LOCAL::AS,1,OperatorExample_v2;
tek29,IS17Spring2015,B13D5,jOperator1,OperatorExample_v2:0.6666666666666666:11.78;,1,1,2015-02-05 17:26:42.584,LOCAL::COS,1,OperatorExample_v2;
tek29,IS17Spring2015,B13D5,jOperator1,OperatorExample_v2:0.6666666666666666:11.78;,1,1,2015-02-05 17:26:42.584,P::GLOBAL::AS,1,OperatorExample_v2;
tek29,IS17Spring2015,B13D5,jOperator1,OperatorExample_v2:0.6666666666666666:11.78;,1,1,2015-02-05 17:26:42.584,P::LOCAL::AS,1,OperatorExample_v2;
tek29,IS17Spring2015,B13D5,jOperator1,OperatorExample_v2:0.6666666666666666:11.78;,1,1,2015-02-05 17:26:42.584,P::LOCAL::COS,1,OperatorExample_v2;
tek29,IS17Spring2015,B13D5,jOperator1,OperatorExample_v2:0.6666666666666666:11.78;,1,1,2015-02-05 17:26:42.584,P::GLOBAL::AS::GOAL,1,OperatorExample_v2;
tek29,IS17Spring2015,B13D5,jOperator1,OperatorExample_v2:0.6666666666666666:11.78;,1,1,2015-02-05 17:26:42.584,P::LOCAL::AS::GOAL,1,OperatorExample_v2;
tek29,IS17Spring2015,B13D5,jOperator1,OperatorExample_v2:0.6666666666666666:11.78;,1,1,2015-02-05 17:26:42.584,P::LOCAL::COS::GOAL,1,OperatorExample_v2;
ccs54,IS17Spring2015,64131,jDouble1,TypeCasting_v2:1.0:10.81;,1,1,2015-03-02 20:07:20.084,NAIVE::LOCAL,1,TypeCasting_v2;
ccs54,IS17Spring2015,64131,jDouble1,TypeCasting_v2:1.0:10.81;,1,1,2015-03-02 20:07:20.084,GLOBAL::AS,1,TypeCasting_v2;
ccs54,IS17Spring2015,64131,jDouble1,TypeCasting_v2:1.0:10.81;,1,1,2015-03-02 20:07:20.084,LOCAL::AS,1,TypeCasting_v2;
ccs54,IS17Spring2015,64131,jDouble1,TypeCasting_v2:1.0:10.81;,1,1,2015-03-02 20:07:20.084,LOCAL::COS,1,TypeCasting_v2;
ccs54,IS17Spring2015,64131,jDouble1,TypeCasting_v2:1.0:10.81;,1,1,2015-03-02 20:07:20.084,P::LOCAL::AS,1,TypeCasting_v2;
ccs54,IS17Spring2015,64131,jDouble1,TypeCasting_v2:1.0:10.81;,1,1,2015-03-02 20:07:20.084,P::LOCAL::AS::GOAL,1,TypeCasting_v2;
lax5,IS17Spring2015,D5D74,jSwitch3,JavaTutorial_4_3_2:0.0:4.83;JavaTutorial_4_3_5:0.5:2.83;JavaTutorial_4_3_2:0.5:10.66;,0,1,2015-01-20 10:54:38.890,NAIVE::LOCAL,2,JavaTutorial_4_3_5;JavaTutorial_4_3_2;
lax5,IS17Spring2015,D5D74,jSwitch3,JavaTutorial_4_3_2:0.0:4.83;JavaTutorial_4_3_5:0.5:2.83;JavaTutorial_4_3_2:0.5:10.66;,0,1,2015-01-20 10:54:38.890,GLOBAL::AS,2,JavaTutorial_4_3_2;JavaTutorial_4_3_5;
lax5,IS17Spring2015,D5D74,jSwitch3,JavaTutorial_4_3_2:0.0:4.83;JavaTutorial_4_3_5:0.5:2.83;JavaTutorial_4_3_2:0.5:10.66;,0,1,2015-01-20 10:54:38.890,GLOBAL::COS,1,JavaTutorial_4_3_2;switch_v2;
lax5,IS17Spring2015,D5D74,jSwitch3,JavaTutorial_4_3_2:0.0:4.83;JavaTutorial_4_3_5:0.5:2.83;JavaTutorial_4_3_2:0.5:10.66;,0,1,2015-01-20 10:54:38.890,LOCAL::AS,1,JavaTutorial_4_3_5;variables2_v2;
lax5,IS17Spring2015,D5D74,jSwitch3,JavaTutorial_4_3_2:0.0:4.83;JavaTutorial_4_3_5:0.5:2.83;JavaTutorial_4_3_2:0.5:10.66;,0,1,2015-01-20 10:54:38.890,LOCAL::COS,1,JavaTutorial_4_3_6;JavaTutorial_4_3_5;
lax5,IS17Spring2015,D5D74,jSwitch3,JavaTutorial_4_3_2:0.0:4.83;JavaTutorial_4_3_5:0.5:2.83;JavaTutorial_4_3_2:0.5:10.66;,0,1,2015-01-20 10:54:38.890,P::GLOBAL::AS,2,JavaTutorial_4_3_2;JavaTutorial_4_3_5;
lax5,IS17Spring2015,D5D74,jSwitch3,JavaTutorial_4_3_2:0.0:4.83;JavaTutorial_4_3_5:0.5:2.83;JavaTutorial_4_3_2:0.5:10.66;,0,1,2015-01-20 10:54:38.890,P::GLOBAL::COS,2,JavaTutorial_4_3_2;JavaTutorial_4_3_5;
lax5,IS17Spring2015,D5D74,jSwitch3,JavaTutorial_4_3_2:0.0:4.83;JavaTutorial_4_3_5:0.5:2.83;JavaTutorial_4_3_2:0.5:10.66;,0,1,2015-01-20 10:54:38.890,P::LOCAL::AS,2,JavaTutorial_4_3_5;JavaTutorial_4_3_2;
lax5,IS17Spring2015,D5D74,jSwitch3,JavaTutorial_4_3_2:0.0:4.83;JavaTutorial_4_3_5:0.5:2.83;JavaTutorial_4_3_2:0.5:10.66;,0,1,2015-01-20 10:54:38.890,P::LOCAL::COS,1,ae_switch_demo1;JavaTutorial_4_3_5;
lax5,IS17Spring2015,D5D74,jSwitch3,JavaTutorial_4_3_2:0.0:4.83;JavaTutorial_4_3_5:0.5:2.83;JavaTutorial_4_3_2:0.5:10.66;,0,1,2015-01-20 10:54:38.890,P::GLOBAL::AS::GOAL,2,JavaTutorial_4_3_2;JavaTutorial_4_3_5;
lax5,IS17Spring2015,D5D74,jSwitch3,JavaTutorial_4_3_2:0.0:4.83;JavaTutorial_4_3_5:0.5:2.83;JavaTutorial_4_3_2:0.5:10.66;,0,1,2015-01-20 10:54:38.890,P::LOCAL::AS::GOAL,1,ae_switch_demo1;JavaTutorial_4_3_5;
lax5,IS17Spring2015,D5D74,jSwitch3,JavaTutorial_4_3_2:0.0:4.83;JavaTutorial_4_3_5:0.5:2.83;JavaTutorial_4_3_2:0.5:10.66;,0,1,2015-01-20 10:54:38.890,P::LOCAL::COS::GOAL,1,switch_v2;JavaTutorial_4_3_5;
yuw62,IS17Spring2015,B4371,jVariables5,substring_v2:0.5:18.14;,0,0,2015-01-24 15:28:38.734,P::GLOBAL::COS::GOAL,1,substring_v2;
yuw62,IS17Spring2015,5F8FF,jNested2,nested_loops_v2:1.0:2.21;nested_loops2_v2:1.0:9.24;JavaTutorial_4_6_14:1.0:0.43;JavaTutorial_4_6_12:1.0:1.52;,0,0,2015-02-13 23:02:50.709,NAIVE::LOCAL,2,JavaTutorial_4_7_7;JavaTutorial_4_6_14;ae_nested_loops_v2;nested_loops_v2;
yuw62,IS17Spring2015,5F8FF,jNested2,nested_loops_v2:1.0:2.21;nested_loops2_v2:1.0:9.24;JavaTutorial_4_6_14:1.0:0.43;JavaTutorial_4_6_12:1.0:1.52;,0,0,2015-02-13 23:02:50.709,GLOBAL::AS,1,JavaTutorial_4_6_9;ae_nested_loops_v2;nested_loops_v2;JavaTutorial_4_6_6;
yuw62,IS17Spring2015,5F8FF,jNested2,nested_loops_v2:1.0:2.21;nested_loops2_v2:1.0:9.24;JavaTutorial_4_6_14:1.0:0.43;JavaTutorial_4_6_12:1.0:1.52;,0,0,2015-02-13 23:02:50.709,GLOBAL::COS,2,JavaTutorial_4_6_14;ae_nested_loops_v2;nested_loops_v2;ae_for_demo;
yuw62,IS17Spring2015,5F8FF,jNested2,nested_loops_v2:1.0:2.21;nested_loops2_v2:1.0:9.24;JavaTutorial_4_6_14:1.0:0.43;JavaTutorial_4_6_12:1.0:1.52;,0,0,2015-02-13 23:02:50.709,P::GLOBAL::AS,2,ae_nested_loops_v2;nested_loops_v2;nested_loops2_v2;ae_nested_for_demo;
yuw62,IS17Spring2015,5F8FF,jNested2,nested_loops_v2:1.0:2.21;nested_loops2_v2:1.0:9.24;JavaTutorial_4_6_14:1.0:0.43;JavaTutorial_4_6_12:1.0:1.52;,0,0,2015-02-13 23:02:50.709,P::GLOBAL::COS,2,ae_nested_loops_v2;nested_loops_v2;ae_nested_for_demo;nested_loops2_v2;
yuw62,IS17Spring2015,5F8FF,jNested2,nested_loops_v2:1.0:2.21;nested_loops2_v2:1.0:9.24;JavaTutorial_4_6_14:1.0:0.43;JavaTutorial_4_6_12:1.0:1.52;,0,0,2015-02-13 23:02:50.709,P::GLOBAL::AS::GOAL,2,ae_nested_loops_v2;nested_loops_v2;nested_loops2_v2;ae_nested_for_demo;
yuw62,IS17Spring2015,5F8FF,jNested2,nested_loops_v2:1.0:2.21;nested_loops2_v2:1.0:9.24;JavaTutorial_4_6_14:1.0:0.43;JavaTutorial_4_6_12:1.0:1.52;,0,0,2015-02-13 23:02:50.709,P::GLOBAL::COS::GOAL,2,nested_loops2_v2;JavaTutorial_4_7_7;ae_nested_loops_v2;nested_loops_v2;
yuw62,IS17Spring2015,5F8FF,jNested2,nested_loops_v2:1.0:2.21;nested_loops2_v2:1.0:9.24;JavaTutorial_4_6_14:1.0:0.43;JavaTutorial_4_6_12:1.0:1.52;,0,0,2015-02-13 23:02:50.709,P::LOCAL::AS::GOAL,3,ae_nested_loops_v2;nested_loops_v2;nested_loops2_v2;JavaTutorial_4_6_14;
yuw62,IS17Spring2015,5F8FF,jNested2,nested_loops_v2:1.0:2.21;nested_loops2_v2:1.0:9.24;JavaTutorial_4_6_14:1.0:0.43;JavaTutorial_4_6_12:1.0:1.52;,0,0,2015-02-13 23:02:50.709,P::LOCAL::COS::GOAL,2,nested_loops2_v2;ae_nested_loops_v2;nested_loops_v2;ae_nested_for_demo;
eep27,IS17Spring2015,412DC,jFor1,JavaTutorial_4_6_5:1.0:0.84;for1_v2:1.0:0.69;JavaTutorial_4_6_7:1.0:0.86;JavaTutorial_4_6_6:1.0:0.53;JavaTutorial_4_6_8:0.5:0.7;JavaTutorial_4_6_8:0.5:1.98;JavaTutorial_4_6_9:1.0:0.91;,0,0,2015-02-04 13:56:30.890,NAIVE::LOCAL,3,JavaTutorial_4_7_7;JavaTutorial_4_6_6;ae_JavaTutorial_4_6_6;ae_for_demo;JavaTutorial_4_6_7;JavaTutorial_4_6_9;using_array_v2;
eep27,IS17Spring2015,412DC,jFor1,JavaTutorial_4_6_5:1.0:0.84;for1_v2:1.0:0.69;JavaTutorial_4_6_7:1.0:0.86;JavaTutorial_4_6_6:1.0:0.53;JavaTutorial_4_6_8:0.5:0.7;JavaTutorial_4_6_8:0.5:1.98;JavaTutorial_4_6_9:1.0:0.91;,0,0,2015-02-04 13:56:30.890,GLOBAL::AS,3,JavaTutorial_4_6_9;using_array_v2;JavaTutorial_4_6_6;ae_JavaTutorial_4_6_6;JavaTutorial_4_2_2;ae_for_demo;JavaTutorial_4_6_7;
eep27,IS17Spring2015,412DC,jFor1,JavaTutorial_4_6_5:1.0:0.84;for1_v2:1.0:0.69;JavaTutorial_4_6_7:1.0:0.86;JavaTutorial_4_6_6:1.0:0.53;JavaTutorial_4_6_8:0.5:0.7;JavaTutorial_4_6_8:0.5:1.98;JavaTutorial_4_6_9:1.0:0.91;,0,0,2015-02-04 13:56:30.890,GLOBAL::COS,4,JavaTutorial_4_6_9;ae_for_demo;JavaTutorial_4_6_7;for1_v2;JavaTutorial_4_6_6;ae_JavaTutorial_4_6_6;JavaTutorial_4_7_7;
eep27,IS17Spring2015,412DC,jFor1,JavaTutorial_4_6_5:1.0:0.84;for1_v2:1.0:0.69;JavaTutorial_4_6_7:1.0:0.86;JavaTutorial_4_6_6:1.0:0.53;JavaTutorial_4_6_8:0.5:0.7;JavaTutorial_4_6_8:0.5:1.98;JavaTutorial_4_6_9:1.0:0.91;,0,0,2015-02-04 13:56:30.890,LOCAL::AS,1,JavaTutorial_4_7_7;CompoundAssignment;ae_for_demo;JavaTutorial_4_6_7;ae_JavaTutorial_4_7_8;JavaTutorial_4_7_5;JavaTutorial_4_7_8;
eep27,IS17Spring2015,412DC,jFor1,JavaTutorial_4_6_5:1.0:0.84;for1_v2:1.0:0.69;JavaTutorial_4_6_7:1.0:0.86;JavaTutorial_4_6_6:1.0:0.53;JavaTutorial_4_6_8:0.5:0.7;JavaTutorial_4_6_8:0.5:1.98;JavaTutorial_4_6_9:1.0:0.91;,0,0,2015-02-04 13:56:30.890,P::GLOBAL::AS,2,JavaTutorial_4_1_5;variables1_v2;ae_for_demo;JavaTutorial_4_6_7;JavaTutorial_4_4_3;JavaTutorial_4_6_9;relational_operators_v2;
eep27,IS17Spring2015,412DC,jFor1,JavaTutorial_4_6_5:1.0:0.84;for1_v2:1.0:0.69;JavaTutorial_4_6_7:1.0:0.86;JavaTutorial_4_6_6:1.0:0.53;JavaTutorial_4_6_8:0.5:0.7;JavaTutorial_4_6_8:0.5:1.98;JavaTutorial_4_6_9:1.0:0.91;,0,0,2015-02-04 13:56:30.890,P::GLOBAL::COS,1,variables1_v2;JavaTutorial_4_1_5;JavaTutorial_4_4_3;ae_for_demo;JavaTutorial_4_6_7;HelloPrinter;ae_BJ4_ch01_s05_HelloPrinter;
eep27,IS17Spring2015,412DC,jFor1,JavaTutorial_4_6_5:1.0:0.84;for1_v2:1.0:0.69;JavaTutorial_4_6_7:1.0:0.86;JavaTutorial_4_6_6:1.0:0.53;JavaTutorial_4_6_8:0.5:0.7;JavaTutorial_4_6_8:0.5:1.98;JavaTutorial_4_6_9:1.0:0.91;,0,0,2015-02-04 13:56:30.890,P::LOCAL::AS,1,JavaTutorial_4_7_7;ae_for_demo;JavaTutorial_4_6_7;CompoundAssignment;ae_JavaTutorial_4_7_8;JavaTutorial_4_7_5;JavaTutorial_4_7_8;
eep27,IS17Spring2015,412DC,jFor1,JavaTutorial_4_6_5:1.0:0.84;for1_v2:1.0:0.69;JavaTutorial_4_6_7:1.0:0.86;JavaTutorial_4_6_6:1.0:0.53;JavaTutorial_4_6_8:0.5:0.7;JavaTutorial_4_6_8:0.5:1.98;JavaTutorial_4_6_9:1.0:0.91;,0,0,2015-02-04 13:56:30.890,P::LOCAL::COS,1,CompoundAssignment;ae_JavaTutorial_4_7_8;JavaTutorial_4_7_5;JavaTutorial_4_7_8;ae_JavaTutorial_4_7_5;ae_constant_math_demo;JavaTutorial_4_6_9;
eep27,IS17Spring2015,412DC,jFor1,JavaTutorial_4_6_5:1.0:0.84;for1_v2:1.0:0.69;JavaTutorial_4_6_7:1.0:0.86;JavaTutorial_4_6_6:1.0:0.53;JavaTutorial_4_6_8:0.5:0.7;JavaTutorial_4_6_8:0.5:1.98;JavaTutorial_4_6_9:1.0:0.91;,0,0,2015-02-04 13:56:30.890,P::GLOBAL::AS::GOAL,6,ae_for_demo;JavaTutorial_4_6_7;for1_v2;JavaTutorial_4_6_9;JavaTutorial_4_6_8;JavaTutorial_4_6_5;JavaTutorial_4_6_6;
eep27,IS17Spring2015,412DC,jFor1,JavaTutorial_4_6_5:1.0:0.84;for1_v2:1.0:0.69;JavaTutorial_4_6_7:1.0:0.86;JavaTutorial_4_6_6:1.0:0.53;JavaTutorial_4_6_8:0.5:0.7;JavaTutorial_4_6_8:0.5:1.98;JavaTutorial_4_6_9:1.0:0.91;,0,0,2015-02-04 13:56:30.890,P::LOCAL::AS::GOAL,4,ae_for_demo;JavaTutorial_4_6_7;for1_v2;JavaTutorial_4_6_14;using_array_v2;JavaTutorial_4_6_5;JavaTutorial_4_6_8;
eep27,IS17Spring2015,412DC,jFor1,JavaTutorial_4_6_5:1.0:0.84;for1_v2:1.0:0.69;JavaTutorial_4_6_7:1.0:0.86;JavaTutorial_4_6_6:1.0:0.53;JavaTutorial_4_6_8:0.5:0.7;JavaTutorial_4_6_8:0.5:1.98;JavaTutorial_4_6_9:1.0:0.91;,0,0,2015-02-04 13:56:30.890,P::LOCAL::COS::GOAL,4,ae_for_demo;JavaTutorial_4_6_8;JavaTutorial_4_6_7;for1_v2;using_array_v2;JavaTutorial_4_6_5;use_array_v2;
tlc81,IS17Spring2015,71923,jString1,substring_v2:1.0:19.95;CreateString_v2:1.0:7.13;string_length_v2:1.0:12.13;HelloWorld2_v2:0.0:6.8;,1,3,2015-01-19 19:42:00.859,NAIVE::LOCAL,2,substring_v2;StringsReplace;CreateString_v2;
tlc81,IS17Spring2015,71923,jString1,substring_v2:1.0:19.95;CreateString_v2:1.0:7.13;string_length_v2:1.0:12.13;HelloWorld2_v2:0.0:6.8;,1,3,2015-01-19 19:42:00.859,GLOBAL::AS,1,substring_v2;StringsReplace;ae_BJ4_ch02_s05_MethodDemo;
tlc81,IS17Spring2015,71923,jString1,substring_v2:1.0:19.95;CreateString_v2:1.0:7.13;string_length_v2:1.0:12.13;HelloWorld2_v2:0.0:6.8;,1,3,2015-01-19 19:42:00.859,GLOBAL::COS,1,substring_v2;ae_concat_demo;HelloWorld2_v2;
tlc81,IS17Spring2015,71923,jString1,substring_v2:1.0:19.95;CreateString_v2:1.0:7.13;string_length_v2:1.0:12.13;HelloWorld2_v2:0.0:6.8;,1,3,2015-01-19 19:42:00.859,LOCAL::AS,2,substring_v2;StringsCharAt;string_length_v2;
tlc81,IS17Spring2015,71923,jString1,substring_v2:1.0:19.95;CreateString_v2:1.0:7.13;string_length_v2:1.0:12.13;HelloWorld2_v2:0.0:6.8;,1,3,2015-01-19 19:42:00.859,LOCAL::COS,2,CreateString_v2;substring_v2;HelloPrinter;
tlc81,IS17Spring2015,71923,jString1,substring_v2:1.0:19.95;CreateString_v2:1.0:7.13;string_length_v2:1.0:12.13;HelloWorld2_v2:0.0:6.8;,1,3,2015-01-19 19:42:00.859,P::GLOBAL::AS,1,substring_v2;HelloPrinter;ae_BJ4_ch01_s05_HelloPrinter;
tlc81,IS17Spring2015,71923,jString1,substring_v2:1.0:19.95;CreateString_v2:1.0:7.13;string_length_v2:1.0:12.13;HelloWorld2_v2:0.0:6.8;,1,3,2015-01-19 19:42:00.859,P::LOCAL::AS,1,substring_v2;HelloPrinter;ae_BJ4_ch01_s05_HelloPrinter;
tlc81,IS17Spring2015,71923,jString1,substring_v2:1.0:19.95;CreateString_v2:1.0:7.13;string_length_v2:1.0:12.13;HelloWorld2_v2:0.0:6.8;,1,3,2015-01-19 19:42:00.859,P::LOCAL::COS,1,substring_v2;HelloPrinter;ae_BJ4_ch01_s05_HelloPrinter;
tlc81,IS17Spring2015,71923,jString1,substring_v2:1.0:19.95;CreateString_v2:1.0:7.13;string_length_v2:1.0:12.13;HelloWorld2_v2:0.0:6.8;,1,3,2015-01-19 19:42:00.859,P::GLOBAL::AS::GOAL,1,substring_v2;string_comparison_v2;StringsReplace;
tlc81,IS17Spring2015,71923,jString1,substring_v2:1.0:19.95;CreateString_v2:1.0:7.13;string_length_v2:1.0:12.13;HelloWorld2_v2:0.0:6.8;,1,3,2015-01-19 19:42:00.859,P::LOCAL::AS::GOAL,1,substring_v2;CreateObjectDemo_v2;string_comparison_v2;
tlc81,IS17Spring2015,71923,jString1,substring_v2:1.0:19.95;CreateString_v2:1.0:7.13;string_length_v2:1.0:12.13;HelloWorld2_v2:0.0:6.8;,1,3,2015-01-19 19:42:00.859,P::LOCAL::COS::GOAL,1,substring_v2;string_comparison_v2;ae_tostring_demo;
tlc81,IS17Spring2015,71923,jString_to_Double,HelloWorld2_v2:0.16666666666666666:3.86;variables2_v2:0.0:1.58;,1,1,2015-01-19 20:15:57.796,GLOBAL::AS,1,HelloWorld2_v2;
tlc81,IS17Spring2015,DF7EF,jBoolean_Method,CreateString_v2:1.0:1.74;,0,0,2015-01-21 22:07:49.328,P::GLOBAL::AS,1,CreateString_v2;
tlc81,IS17Spring2015,DF7EF,jBoolean_Method,CreateString_v2:1.0:1.74;,0,0,2015-01-21 22:07:49.328,P::GLOBAL::COS,1,CreateString_v2;
chw120,IS17Fall20142,9DFDD,jWhile5,while_v2:0.25:20.8;JavaTutorial_4_4_2:0.0:76.23;JavaTutorial_4_4_3:1.0:16.67;JavaTutorial_4_4_3:0.0:43.47;,0,0,2014-10-09 15:51:51.611,P::GLOBAL::AS::GOAL,1,JavaTutorial_4_4_3;ae_do_while_demo;
chw120,IS17Fall20142,9DFDD,jWhile5,while_v2:0.25:20.8;JavaTutorial_4_4_2:0.0:76.23;JavaTutorial_4_4_3:1.0:16.67;JavaTutorial_4_4_3:0.0:43.47;,0,0,2014-10-09 15:51:51.611,P::LOCAL::AS::GOAL,2,JavaTutorial_4_4_3;while_v2;
chw120,IS17Fall20142,9DFDD,jWhile5,while_v2:0.25:20.8;JavaTutorial_4_4_2:0.0:76.23;JavaTutorial_4_4_3:1.0:16.67;JavaTutorial_4_4_3:0.0:43.47;,0,0,2014-10-09 15:51:51.611,P::LOCAL::COS::GOAL,1,while_v2;ae_while_v2;
jix59,IS17Fall20142,0701F,jObjects3,CreateObjectDemo_v2:0.4444444444444444:13.85;CreateObjectDemo_v2:0.2222222222222222:3.87;Rectangle_v2:0.09090909090909091:3.74;Rectangle_v2:0.2727272727272727:12.01;Point_v2:0.0:0.01;Point_v2:0.25:5.28;Bicycle_v2:0.0:148.01;Bicycle_v2:0.16:0.18;,0,0,2014-09-18 15:46:22.960,NAIVE::LOCAL,1,AccessorMutatorDemo;ae_BJ4_ch02_s07_AccessorMutatorDemo;CopyDemo;ae_BJ4_ch02_s10_CopyDemo;ae_BJ4_ch02_s09_MoveTester;CreateObjectDemo_v2;
jix59,IS17Fall20142,0701F,jObjects3,CreateObjectDemo_v2:0.4444444444444444:13.85;CreateObjectDemo_v2:0.2222222222222222:3.87;Rectangle_v2:0.09090909090909091:3.74;Rectangle_v2:0.2727272727272727:12.01;Point_v2:0.0:0.01;Point_v2:0.25:5.28;Bicycle_v2:0.0:148.01;Bicycle_v2:0.16:0.18;,0,0,2014-09-18 15:46:22.960,P::LOCAL::AS::GOAL,1,ConstructorDemo;ae_BJ4_ch02_s06_ConstructorDemo;AccessorMutatorDemo;CreateObjectDemo_v2;ae_BJ4_ch02_s09_MoveTester;ae_BJ4_ch02_s07_AccessorMutatorDemo;
jix59,IS17Fall20142,0701F,jObjects3,CreateObjectDemo_v2:0.4444444444444444:13.85;CreateObjectDemo_v2:0.2222222222222222:3.87;Rectangle_v2:0.09090909090909091:3.74;Rectangle_v2:0.2727272727272727:12.01;Point_v2:0.0:0.01;Point_v2:0.25:5.28;Bicycle_v2:0.0:148.01;Bicycle_v2:0.16:0.18;,0,0,2014-09-18 15:46:22.960,P::LOCAL::COS::GOAL,1,ConstructorDemo;ae_BJ4_ch02_s06_ConstructorDemo;ArrayListTester;AccessorMutatorDemo;CreateObjectDemo_v2;JavaTutorial_4_7_4;
jix59,IS17Fall20142,93DE1,jInterfaces3,inheritance1_v2:1.0:67.41;override_v2:1.0:0.51;,0,0,2014-09-24 19:44:34.538,P::LOCAL::AS,1,Bicycle_v2;override_v2;
jix59,IS17Fall20142,93DE1,jInterfaces3,inheritance1_v2:1.0:67.41;override_v2:1.0:0.51;,0,0,2014-09-24 19:44:34.538,P::LOCAL::COS,1,Bicycle_v2;override_v2;
sev52,IS17Fall20142,2924B,jConstants5,arithmetic_v2:1.0:1.26;increment_v2:1.0:0.7;OperatorExample_v2:1.0:0.51;MathFunction_v2:1.0:0.66;,0,0,2014-09-24 15:22:22.350,LOCAL::AS,1,CashRegisterConstantField;ae_BJ4_ch03_s06_CashRegisterTester;ae_cash_register_constant_demo;MathFunction_v2;
sev52,IS17Fall20142,BCAFF,jConstants5,Decision_If_v2:1.0:2.56;ifelse2_v2:1.0:1.5;string_comparison_v2:1.0:11.89;logical_operators_v2:1.0:1.37;JavaTutorial_4_2_2:1.0:3.11;JavaTutorial_4_2_5:0.5:18.23;JavaTutorial_4_2_6:1.0:3.69;JavaTutorial_4_2_5:0.5:1.69;JavaTutorial_4_2_7:0.0:0.01;JavaTutorial_4_2_7:1.0:5.28;JavaTutorial_4_2_8:1.0:35.75;JavaTutorial_4_2_9:1.0:7.75;decisions1_v2:1.0:1.86;JavaTutorial_4_3_4:1.0:1.92;JavaTutorial_4_3_5:1.0:2.34;JavaTutorial_4_3_2:1.0:1.01;JavaTutorial_4_3_6:1.0:2.37;switch_v2:1.0:2.12;,0,0,2014-10-14 11:16:59.298,RANDOM::BASELINE,4,create_2d_array_v2;PrimitiveDataTypes_v2;ae_decisions1_v2;ae_JavaTutorial_4_6_6;decisions1_v2;substring_v2;constant_v2;OperatorExample_v2;ae_JavaTutorial_4_2_7;JavaTutorial_4_2_5;Point_v2;JavaTutorial_4_2_6;Constants_v2;switch_v2;ae_BJ4_ch02_s09_MoveTester;MathFunction_v2;ae_StringExample_v2;JavaTutorial_4_2_2;HelloWorld2_v2;interfaceClassConversion;for1_v2;CounterDemo;comparison_operators_v2;StringsReplace;ae_BJ4_ch02_s06_ConstructorDemo;variables2_v2;VariableDemo;Measure;ae_relational_operators_v2;Bicycle_v2;Decrement;ae_multidimarray_demo;ae_comparison_operators_v2;ae_EnhancedForLoopDemo;ae_BJ4_ch01_s05_HelloPrinter;HelloPrinter;JavaTutorial_4_6_9;increment_v2;ae_arithmetic_v2;JavaTutorial_4_6_7;JavaTutorial_4_6_8;ObjectEquality;JavaTutorial_4_6_5;JavaTutorial_4_2_9;JavaTutorial_4_6_6;JavaTutorial_4_2_7;MethodDemo;JavaTutorial_4_2_8;ifelse2_v2;ae_use_2darray_v2;TypeCasting_v2;using_array_v2;Bank;StringsParse;StringsEqualsIgnoreCase;ae_JavaTutorial_4_1_3;ae_array_demo;CreateObjectDemo_v2;arraylist2_v2;ae_conditional_demo1;JavaTutorial_4_1_5;JavaTutorial_4_1_3;boolean_operators_v2;TicTacToe;CreateString_v2;ConstructorDemo;EnhancedForLoopDemo;CompoundAssignment;ae_do_while_v2;boolean_expression_v2;override_v2;simple_inheritance_1;ae_tostring_demo;JavaTutorial_4_6_14;ae_use_array_v2;JavaTutorial_4_6_12;do_while_v2;exception_v2;ae_primitive_datatype_demo;arithmetic_v2;ae_constant_demo;inheritance_constructors_1;use_2darray_v2;inheritance1_v2;poly_v2;ae_constant_math_demo;JavaTutorial_4_4_3;StringExample_v2;ae_cash_register_constant_demo;JavaTutorial_4_4_2;ae_BJ4_ch03_s06_BankAccountTester;ae_while_v2;GradeBook;BankAccountTester;ae_concat_demo;ae_BJ4_ch02_s05_MethodDemo;inheritance_casting_1;testNull;ae_nested_for_demo;ae_BJ4_ch02_s07_AccessorMutatorDemo;ae_BJ4_ch02_s10_CopyDemo;ae_unary_demo;ArrayListTester;inheritance_polymorphism_2;arraylist1_v2;inheritance_polymorphism_1;ae_Measure;Decision_If_v2;imple_multi_v2;StringsCharAt;CopyDemo;logical_operators_v2;jeg_interface1_v2;nested_loops_v2;string_length_v2;ae_BJ4_ch01_s05_PrintTester;ae_JavaTutorial_4_7_5;ae_JavaTutorial_4_7_4;Rectangle_v2;PrintTester;ae_BJ4_ch03_s06_CashRegisterTester;OverridingObjectMethods;JavaTutorial_4_3_4;while_v2;JavaTutorial_4_3_5;JavaTutorial_4_3_2;ae_BJ4_ch03_s01_CounterDemo;ae_arraylist2_v2;ae_for_demo;array_declaration_v2;ae_wrapper_class_v2;boolean_declaration_v2;InterfacePolymorphism;use_array_v2;CashRegisterConstantField;ae_exception_v2;ae_BJ4_ch02_s03_VariableDemo;ae_jeg_interface1_v2;AccessorMutatorDemo;ae_nested_loops_v2;ae_while_demo;ae_do_while_demo;thisReference;JavaTutorial_4_7_8;ae_inheritance_polymorphism_2;JavaTutorial_4_7_6;variables1_v2;ae_inheritance_polymorphism_1;JavaTutorial_4_7_7;relational_operators_v2;ae_switch_demo1;JavaTutorial_4_7_4;stringEquals;string_comparison_v2;ae_switch_demo2;JavaTutorial_4_7_5;JavaTutorial_4_7_2;ae_simple_inheritance_1;JavaTutorial_4_3_6;nested_loops2_v2;conditional_operators_v2;ae_JavaTutorial_4_7_8;wrapper_class_v2;
sev52,IS17Fall20142,BCAFF,jConstants5,Decision_If_v2:1.0:2.56;ifelse2_v2:1.0:1.5;string_comparison_v2:1.0:11.89;logical_operators_v2:1.0:1.37;JavaTutorial_4_2_2:1.0:3.11;JavaTutorial_4_2_5:0.5:18.23;JavaTutorial_4_2_6:1.0:3.69;JavaTutorial_4_2_5:0.5:1.69;JavaTutorial_4_2_7:0.0:0.01;JavaTutorial_4_2_7:1.0:5.28;JavaTutorial_4_2_8:1.0:35.75;JavaTutorial_4_2_9:1.0:7.75;decisions1_v2:1.0:1.86;JavaTutorial_4_3_4:1.0:1.92;JavaTutorial_4_3_5:1.0:2.34;JavaTutorial_4_3_2:1.0:1.01;JavaTutorial_4_3_6:1.0:2.37;switch_v2:1.0:2.12;,0,0,2014-10-14 11:16:59.298,P::GLOBAL::AS::GOAL,2,ae_JavaTutorial_4_7_8;wrapper_class_v2;conditional_operators_v2;nested_loops2_v2;ae_simple_inheritance_1;JavaTutorial_4_7_2;JavaTutorial_4_3_6;JavaTutorial_4_7_5;ae_switch_demo2;ae_switch_demo1;string_comparison_v2;JavaTutorial_4_7_4;stringEquals;JavaTutorial_4_7_7;relational_operators_v2;ae_inheritance_polymorphism_1;JavaTutorial_4_7_6;
sev52,IS17Fall20142,BCAFF,jConstants5,Decision_If_v2:1.0:2.56;ifelse2_v2:1.0:1.5;string_comparison_v2:1.0:11.89;logical_operators_v2:1.0:1.37;JavaTutorial_4_2_2:1.0:3.11;JavaTutorial_4_2_5:0.5:18.23;JavaTutorial_4_2_6:1.0:3.69;JavaTutorial_4_2_5:0.5:1.69;JavaTutorial_4_2_7:0.0:0.01;JavaTutorial_4_2_7:1.0:5.28;JavaTutorial_4_2_8:1.0:35.75;JavaTutorial_4_2_9:1.0:7.75;decisions1_v2:1.0:1.86;JavaTutorial_4_3_4:1.0:1.92;JavaTutorial_4_3_5:1.0:2.34;JavaTutorial_4_3_2:1.0:1.01;JavaTutorial_4_3_6:1.0:2.37;switch_v2:1.0:2.12;,0,0,2014-10-14 11:16:59.298,P::GLOBAL::COS::GOAL,2,ae_JavaTutorial_4_7_8;wrapper_class_v2;conditional_operators_v2;nested_loops2_v2;ae_simple_inheritance_1;JavaTutorial_4_3_6;JavaTutorial_4_7_2;JavaTutorial_4_7_5;ae_switch_demo2;string_comparison_v2;JavaTutorial_4_7_4;ae_switch_demo1;stringEquals;relational_operators_v2;ae_inheritance_polymorphism_1;JavaTutorial_4_7_7;variables1_v2;
sev52,IS17Fall20142,BCAFF,jConstants5,Decision_If_v2:1.0:2.56;ifelse2_v2:1.0:1.5;string_comparison_v2:1.0:11.89;logical_operators_v2:1.0:1.37;JavaTutorial_4_2_2:1.0:3.11;JavaTutorial_4_2_5:0.5:18.23;JavaTutorial_4_2_6:1.0:3.69;JavaTutorial_4_2_5:0.5:1.69;JavaTutorial_4_2_7:0.0:0.01;JavaTutorial_4_2_7:1.0:5.28;JavaTutorial_4_2_8:1.0:35.75;JavaTutorial_4_2_9:1.0:7.75;decisions1_v2:1.0:1.86;JavaTutorial_4_3_4:1.0:1.92;JavaTutorial_4_3_5:1.0:2.34;JavaTutorial_4_3_2:1.0:1.01;JavaTutorial_4_3_6:1.0:2.37;switch_v2:1.0:2.12;,0,0,2014-10-14 11:16:59.298,P::LOCAL::AS::GOAL,2,wrapper_class_v2;ae_JavaTutorial_4_7_8;conditional_operators_v2;nested_loops2_v2;JavaTutorial_4_3_6;JavaTutorial_4_7_2;ae_simple_inheritance_1;JavaTutorial_4_7_5;ae_switch_demo2;ae_switch_demo1;JavaTutorial_4_7_4;string_comparison_v2;stringEquals;JavaTutorial_4_7_7;ae_inheritance_polymorphism_1;relational_operators_v2;JavaTutorial_4_7_6;
sev52,IS17Fall20142,BCAFF,jConstants5,Decision_If_v2:1.0:2.56;ifelse2_v2:1.0:1.5;string_comparison_v2:1.0:11.89;logical_operators_v2:1.0:1.37;JavaTutorial_4_2_2:1.0:3.11;JavaTutorial_4_2_5:0.5:18.23;JavaTutorial_4_2_6:1.0:3.69;JavaTutorial_4_2_5:0.5:1.69;JavaTutorial_4_2_7:0.0:0.01;JavaTutorial_4_2_7:1.0:5.28;JavaTutorial_4_2_8:1.0:35.75;JavaTutorial_4_2_9:1.0:7.75;decisions1_v2:1.0:1.86;JavaTutorial_4_3_4:1.0:1.92;JavaTutorial_4_3_5:1.0:2.34;JavaTutorial_4_3_2:1.0:1.01;JavaTutorial_4_3_6:1.0:2.37;switch_v2:1.0:2.12;,0,0,2014-10-14 11:16:59.298,P::LOCAL::COS::GOAL,2,ae_JavaTutorial_4_7_8;wrapper_class_v2;conditional_operators_v2;nested_loops2_v2;JavaTutorial_4_3_6;JavaTutorial_4_7_2;ae_simple_inheritance_1;ae_switch_demo2;JavaTutorial_4_7_5;stringEquals;ae_switch_demo1;string_comparison_v2;JavaTutorial_4_7_4;relational_operators_v2;JavaTutorial_4_7_7;ae_inheritance_polymorphism_1;JavaTutorial_4_7_6;
zhl91,IS17Fall20142,256F0,jVariable1,CreateString_v2:1.0:1.32;substring_v2:1.0:0.84;string_length_v2:1.0:0.68;StringExample_v2:1.0:0.27;,0,0,2014-09-05 23:08:46.257,P::GLOBAL::COS,1,variables1_v2;variables2_v2;substring_v2;boolean_expression_v2;
shl103,IS17Fall20142,0EBA5,jMathFuc1,OperatorExample_v2:0.0:1.5;MathFunction_v2:0.125:74.74;increment_v2:0.0:1.34;,1,2,2014-10-05 01:22:04.953,NAIVE::LOCAL,1,MathFunction_v2;
shl103,IS17Fall20142,0EBA5,jMathFuc1,OperatorExample_v2:0.0:1.5;MathFunction_v2:0.125:74.74;increment_v2:0.0:1.34;,1,2,2014-10-05 01:22:04.953,GLOBAL::COS,1,MathFunction_v2;
shl103,IS17Fall20142,0EBA5,jMathFuc1,OperatorExample_v2:0.0:1.5;MathFunction_v2:0.125:74.74;increment_v2:0.0:1.34;,1,2,2014-10-05 01:22:04.953,P::GLOBAL::AS::GOAL,1,MathFunction_v2;
shl103,IS17Fall20142,0EBA5,jMathFuc1,OperatorExample_v2:0.0:1.5;MathFunction_v2:0.125:74.74;increment_v2:0.0:1.34;,1,2,2014-10-05 01:22:04.953,P::GLOBAL::COS::GOAL,1,MathFunction_v2;
shl103,IS17Fall20142,0EBA5,jMathFuc1,OperatorExample_v2:0.0:1.5;MathFunction_v2:0.125:74.74;increment_v2:0.0:1.34;,1,2,2014-10-05 01:22:04.953,P::LOCAL::AS::GOAL,1,MathFunction_v2;
shl103,IS17Fall20142,0EBA5,jMathFuc1,OperatorExample_v2:0.0:1.5;MathFunction_v2:0.125:74.74;increment_v2:0.0:1.34;,1,2,2014-10-05 01:22:04.953,P::LOCAL::COS::GOAL,1,MathFunction_v2;
yil125,IS17Fall20142,EE069,jDouble1,PrimitiveDataTypes_v2:0.0:3.82;TypeCasting_v2:1.0:11.79;,1,1,2014-09-21 19:05:15.725,NAIVE::LOCAL,1,TypeCasting_v2;
yil125,IS17Fall20142,EE069,jDouble1,PrimitiveDataTypes_v2:0.0:3.82;TypeCasting_v2:1.0:11.79;,1,1,2014-09-21 19:05:15.725,GLOBAL::AS,1,TypeCasting_v2;
yil125,IS17Fall20142,EE069,jDouble1,PrimitiveDataTypes_v2:0.0:3.82;TypeCasting_v2:1.0:11.79;,1,1,2014-09-21 19:05:15.725,LOCAL::AS,1,TypeCasting_v2;
yil125,IS17Fall20142,EE069,jDouble1,PrimitiveDataTypes_v2:0.0:3.82;TypeCasting_v2:1.0:11.79;,1,1,2014-09-21 19:05:15.725,LOCAL::COS,1,TypeCasting_v2;
yil125,IS17Fall20142,EE069,jDouble1,PrimitiveDataTypes_v2:0.0:3.82;TypeCasting_v2:1.0:11.79;,1,1,2014-09-21 19:05:15.725,P::LOCAL::AS::GOAL,1,TypeCasting_v2;
jej48,IS17Fall20141,C48F5,jWhile5,for1_v2:1.0:2.9;JavaTutorial_4_6_12:1.0:2.26;JavaTutorial_4_6_14:0.0:0.73;JavaTutorial_4_6_14:1.0:1.46;JavaTutorial_4_6_5:1.0:5.15;JavaTutorial_4_6_7:1.0:44.18;JavaTutorial_4_6_6:1.0:2.63;JavaTutorial_4_6_8:1.0:2.84;JavaTutorial_4_6_9:0.0:25.29;JavaTutorial_4_6_9:1.0:1.52;,0,0,2014-09-24 14:17:49.194,P::GLOBAL::COS,1,ae_BJ4_ch03_s06_BankAccountTester;BankAccountTester;Rectangle_v2;Bicycle_v2;ae_BJ4_ch03_s01_CounterDemo;CounterDemo;ae_BJ4_ch03_s06_CashRegisterTester;JavaTutorial_4_6_6;
sra30,IS17Fall20141,E5452,jString1,CreateString_v2:1.0:1.27;substring_v2:1.0:31.77;string_length_v2:0.6666666666666666:14.22;string_length_v2:0.0:1.3;StringExample_v2:1.0:0.52;,1,3,2014-09-25 19:16:59.000,NAIVE::LOCAL,2,substring_v2;StringsReplace;CreateString_v2;ae_concat_demo;
sra30,IS17Fall20141,E5452,jString1,CreateString_v2:1.0:1.27;substring_v2:1.0:31.77;string_length_v2:0.6666666666666666:14.22;string_length_v2:0.0:1.3;StringExample_v2:1.0:0.52;,1,3,2014-09-25 19:16:59.000,GLOBAL::AS,1,substring_v2;StringsReplace;ae_BJ4_ch02_s05_MethodDemo;MethodDemo;
sra30,IS17Fall20141,E5452,jString1,CreateString_v2:1.0:1.27;substring_v2:1.0:31.77;string_length_v2:0.6666666666666666:14.22;string_length_v2:0.0:1.3;StringExample_v2:1.0:0.52;,1,3,2014-09-25 19:16:59.000,GLOBAL::COS,1,substring_v2;ae_concat_demo;HelloWorld2_v2;string_comparison_v2;
sra30,IS17Fall20141,E5452,jString1,CreateString_v2:1.0:1.27;substring_v2:1.0:31.77;string_length_v2:0.6666666666666666:14.22;string_length_v2:0.0:1.3;StringExample_v2:1.0:0.52;,1,3,2014-09-25 19:16:59.000,LOCAL::AS,2,substring_v2;StringsCharAt;string_length_v2;ae_BJ4_ch01_s05_HelloPrinter;
sra30,IS17Fall20141,E5452,jString1,CreateString_v2:1.0:1.27;substring_v2:1.0:31.77;string_length_v2:0.6666666666666666:14.22;string_length_v2:0.0:1.3;StringExample_v2:1.0:0.52;,1,3,2014-09-25 19:16:59.000,LOCAL::COS,2,CreateString_v2;substring_v2;HelloPrinter;ae_BJ4_ch01_s05_HelloPrinter;
sra30,IS17Fall20141,E5452,jString1,CreateString_v2:1.0:1.27;substring_v2:1.0:31.77;string_length_v2:0.6666666666666666:14.22;string_length_v2:0.0:1.3;StringExample_v2:1.0:0.52;,1,3,2014-09-25 19:16:59.000,P::GLOBAL::AS,2,substring_v2;variables2_v2;variables1_v2;string_length_v2;
sra30,IS17Fall20141,E5452,jString1,CreateString_v2:1.0:1.27;substring_v2:1.0:31.77;string_length_v2:0.6666666666666666:14.22;string_length_v2:0.0:1.3;StringExample_v2:1.0:0.52;,1,3,2014-09-25 19:16:59.000,P::GLOBAL::COS,2,variables1_v2;variables2_v2;substring_v2;string_length_v2;
sra30,IS17Fall20141,E5452,jString1,CreateString_v2:1.0:1.27;substring_v2:1.0:31.77;string_length_v2:0.6666666666666666:14.22;string_length_v2:0.0:1.3;StringExample_v2:1.0:0.52;,1,3,2014-09-25 19:16:59.000,P::LOCAL::AS,3,substring_v2;string_length_v2;CreateString_v2;StringsCharAt;
sra30,IS17Fall20141,E5452,jString1,CreateString_v2:1.0:1.27;substring_v2:1.0:31.77;string_length_v2:0.6666666666666666:14.22;string_length_v2:0.0:1.3;StringExample_v2:1.0:0.52;,1,3,2014-09-25 19:16:59.000,P::LOCAL::COS,2,substring_v2;ae_BJ4_ch01_s05_HelloPrinter;HelloPrinter;CreateString_v2;
sra30,IS17Fall20141,E5452,jString1,CreateString_v2:1.0:1.27;substring_v2:1.0:31.77;string_length_v2:0.6666666666666666:14.22;string_length_v2:0.0:1.3;StringExample_v2:1.0:0.52;,1,3,2014-09-25 19:16:59.000,P::GLOBAL::AS::GOAL,1,substring_v2;CreateObjectDemo_v2;StringsReplace;ae_BJ4_ch02_s09_MoveTester;
sra30,IS17Fall20141,E5452,jString1,CreateString_v2:1.0:1.27;substring_v2:1.0:31.77;string_length_v2:0.6666666666666666:14.22;string_length_v2:0.0:1.3;StringExample_v2:1.0:0.52;,1,3,2014-09-25 19:16:59.000,P::GLOBAL::COS::GOAL,1,substring_v2;ae_simple_inheritance_1;ae_inheritance_polymorphism_1;ae_inheritance_polymorphism_2;
sra30,IS17Fall20141,E5452,jString1,CreateString_v2:1.0:1.27;substring_v2:1.0:31.77;string_length_v2:0.6666666666666666:14.22;string_length_v2:0.0:1.3;StringExample_v2:1.0:0.52;,1,3,2014-09-25 19:16:59.000,P::LOCAL::AS::GOAL,1,substring_v2;ae_tostring_demo;CreateObjectDemo_v2;AccessorMutatorDemo;
sra30,IS17Fall20141,E5452,jString1,CreateString_v2:1.0:1.27;substring_v2:1.0:31.77;string_length_v2:0.6666666666666666:14.22;string_length_v2:0.0:1.3;StringExample_v2:1.0:0.52;,1,3,2014-09-25 19:16:59.000,P::LOCAL::COS::GOAL,1,substring_v2;ae_tostring_demo;Measure;ae_BJ4_ch02_s09_MoveTester;
sra30,IS17Fall20141,E5452,jSwitch3,JavaTutorial_4_3_2:1.0:1.5;JavaTutorial_4_3_4:1.0:1.04;JavaTutorial_4_3_5:1.0:1.78;JavaTutorial_4_3_6:1.0:1.18;switch_v2:1.0:2.34;,0,2,2014-09-25 19:46:20.366,NAIVE::LOCAL,4,JavaTutorial_4_3_5;JavaTutorial_4_3_2;ae_switch_demo1;JavaTutorial_4_3_4;JavaTutorial_4_3_6;
sra30,IS17Fall20141,E5452,jSwitch3,JavaTutorial_4_3_2:1.0:1.5;JavaTutorial_4_3_4:1.0:1.04;JavaTutorial_4_3_5:1.0:1.78;JavaTutorial_4_3_6:1.0:1.18;switch_v2:1.0:2.34;,0,2,2014-09-25 19:46:20.366,GLOBAL::AS,4,JavaTutorial_4_3_2;JavaTutorial_4_3_5;JavaTutorial_4_3_4;switch_v2;ae_switch_demo1;
sra30,IS17Fall20141,E5452,jSwitch3,JavaTutorial_4_3_2:1.0:1.5;JavaTutorial_4_3_4:1.0:1.04;JavaTutorial_4_3_5:1.0:1.78;JavaTutorial_4_3_6:1.0:1.18;switch_v2:1.0:2.34;,0,2,2014-09-25 19:46:20.366,GLOBAL::COS,4,JavaTutorial_4_3_2;switch_v2;ae_switch_demo1;JavaTutorial_4_3_5;JavaTutorial_4_3_6;
sra30,IS17Fall20141,E5452,jSwitch3,JavaTutorial_4_3_2:1.0:1.5;JavaTutorial_4_3_4:1.0:1.04;JavaTutorial_4_3_5:1.0:1.78;JavaTutorial_4_3_6:1.0:1.18;switch_v2:1.0:2.34;,0,2,2014-09-25 19:46:20.366,LOCAL::AS,1,JavaTutorial_4_3_5;variables2_v2;ae_switch_demo1;create_2d_array_v2;boolean_declaration_v2;
sra30,IS17Fall20141,E5452,jSwitch3,JavaTutorial_4_3_2:1.0:1.5;JavaTutorial_4_3_4:1.0:1.04;JavaTutorial_4_3_5:1.0:1.78;JavaTutorial_4_3_6:1.0:1.18;switch_v2:1.0:2.34;,0,2,2014-09-25 19:46:20.366,LOCAL::COS,4,JavaTutorial_4_3_6;JavaTutorial_4_3_5;ae_switch_demo1;switch_v2;JavaTutorial_4_3_2;
sra30,IS17Fall20141,E5452,jSwitch3,JavaTutorial_4_3_2:1.0:1.5;JavaTutorial_4_3_4:1.0:1.04;JavaTutorial_4_3_5:1.0:1.78;JavaTutorial_4_3_6:1.0:1.18;switch_v2:1.0:2.34;,0,2,2014-09-25 19:46:20.366,P::GLOBAL::AS,3,JavaTutorial_4_3_2;JavaTutorial_4_3_5;ae_switch_demo1;JavaTutorial_4_3_4;variables2_v2;
sra30,IS17Fall20141,E5452,jSwitch3,JavaTutorial_4_3_2:1.0:1.5;JavaTutorial_4_3_4:1.0:1.04;JavaTutorial_4_3_5:1.0:1.78;JavaTutorial_4_3_6:1.0:1.18;switch_v2:1.0:2.34;,0,2,2014-09-25 19:46:20.366,P::GLOBAL::COS,2,variables2_v2;variables1_v2;JavaTutorial_4_3_2;JavaTutorial_4_3_5;ae_switch_demo1;
sra30,IS17Fall20141,E5452,jSwitch3,JavaTutorial_4_3_2:1.0:1.5;JavaTutorial_4_3_4:1.0:1.04;JavaTutorial_4_3_5:1.0:1.78;JavaTutorial_4_3_6:1.0:1.18;switch_v2:1.0:2.34;,0,2,2014-09-25 19:46:20.366,P::LOCAL::AS,3,JavaTutorial_4_3_5;JavaTutorial_4_3_2;JavaTutorial_4_3_6;ae_switch_demo1;JavaTutorial_4_1_5;
sra30,IS17Fall20141,E5452,jSwitch3,JavaTutorial_4_3_2:1.0:1.5;JavaTutorial_4_3_4:1.0:1.04;JavaTutorial_4_3_5:1.0:1.78;JavaTutorial_4_3_6:1.0:1.18;switch_v2:1.0:2.34;,0,2,2014-09-25 19:46:20.366,P::LOCAL::COS,3,JavaTutorial_4_3_5;JavaTutorial_4_3_2;JavaTutorial_4_3_6;ae_switch_demo1;JavaTutorial_4_1_5;
sra30,IS17Fall20141,E5452,jSwitch3,JavaTutorial_4_3_2:1.0:1.5;JavaTutorial_4_3_4:1.0:1.04;JavaTutorial_4_3_5:1.0:1.78;JavaTutorial_4_3_6:1.0:1.18;switch_v2:1.0:2.34;,0,2,2014-09-25 19:46:20.366,P::GLOBAL::AS::GOAL,4,JavaTutorial_4_3_2;JavaTutorial_4_3_5;switch_v2;ae_switch_demo1;JavaTutorial_4_3_4;
sra30,IS17Fall20141,E5452,jSwitch3,JavaTutorial_4_3_2:1.0:1.5;JavaTutorial_4_3_4:1.0:1.04;JavaTutorial_4_3_5:1.0:1.78;JavaTutorial_4_3_6:1.0:1.18;switch_v2:1.0:2.34;,0,2,2014-09-25 19:46:20.366,P::GLOBAL::COS::GOAL,3,ae_switch_demo2;ae_switch_demo1;JavaTutorial_4_3_2;JavaTutorial_4_3_5;switch_v2;
sra30,IS17Fall20141,E5452,jSwitch3,JavaTutorial_4_3_2:1.0:1.5;JavaTutorial_4_3_4:1.0:1.04;JavaTutorial_4_3_5:1.0:1.78;JavaTutorial_4_3_6:1.0:1.18;switch_v2:1.0:2.34;,0,2,2014-09-25 19:46:20.366,P::LOCAL::AS::GOAL,4,ae_switch_demo1;JavaTutorial_4_3_5;JavaTutorial_4_3_2;switch_v2;JavaTutorial_4_3_6;
sra30,IS17Fall20141,E5452,jSwitch3,JavaTutorial_4_3_2:1.0:1.5;JavaTutorial_4_3_4:1.0:1.04;JavaTutorial_4_3_5:1.0:1.78;JavaTutorial_4_3_6:1.0:1.18;switch_v2:1.0:2.34;,0,2,2014-09-25 19:46:20.366,P::LOCAL::COS::GOAL,5,switch_v2;JavaTutorial_4_3_2;JavaTutorial_4_3_5;JavaTutorial_4_3_6;JavaTutorial_4_3_4;
sra30,IS17Fall20141,E5452,jSwitch3,JavaTutorial_4_3_6:0.3333333333333333:1.34;switch_v2:0.6:4.86;,1,1,2014-09-25 19:49:18.079,GLOBAL::COS,1,JavaTutorial_4_3_2;switch_v2;
sra30,IS17Fall20141,E5452,jSwitch3,JavaTutorial_4_3_6:0.3333333333333333:1.34;switch_v2:0.6:4.86;,1,1,2014-09-25 19:49:18.079,LOCAL::COS,1,JavaTutorial_4_3_6;JavaTutorial_4_3_5;
sra30,IS17Fall20141,E5452,jSwitch3,JavaTutorial_4_3_6:0.3333333333333333:1.34;switch_v2:0.6:4.86;,1,1,2014-09-25 19:49:18.079,P::LOCAL::COS::GOAL,1,switch_v2;JavaTutorial_4_3_2;
shx17,IS17Fall20141,B2D77,jIfelse4,Decision_If_v2:0.0:17.23;ifelse2_v2:1.0:2.6;string_comparison_v2:1.0:7.81;logical_operators_v2:1.0:30.85;Decision_If_v2:1.0:11.66;ifelse2_v2:0.0:3.07;string_comparison_v2:0.0:5.93;string_comparison_v2:1.0:1.18;JavaTutorial_4_2_2:1.0:9.37;JavaTutorial_4_2_5:1.0:40.38;JavaTutorial_4_2_6:1.0:31.16;JavaTutorial_4_2_6:1.0:521.07;JavaTutorial_4_2_7:1.0:51.26;JavaTutorial_4_2_8:1.0:34.19;JavaTutorial_4_2_9:1.0:43.18;decisions1_v2:1.0:17.26;,0,0,2014-09-24 15:31:25.991,RANDOM::BASELINE,3,create_2d_array_v2;PrimitiveDataTypes_v2;ae_decisions1_v2;ae_JavaTutorial_4_6_6;OperatorExample_v2;decisions1_v2;substring_v2;constant_v2;ae_JavaTutorial_4_2_7;JavaTutorial_4_2_5;JavaTutorial_4_2_6;Point_v2;Constants_v2;switch_v2;ae_BJ4_ch02_s09_MoveTester;MathFunction_v2;ae_StringExample_v2;JavaTutorial_4_2_2;HelloWorld2_v2;for1_v2;interfaceClassConversion;comparison_operators_v2;StringsReplace;CounterDemo;ae_BJ4_ch02_s06_ConstructorDemo;variables2_v2;VariableDemo;Measure;ae_relational_operators_v2;Bicycle_v2;Decrement;ae_multidimarray_demo;ae_comparison_operators_v2;ae_EnhancedForLoopDemo;ae_BJ4_ch01_s05_HelloPrinter;HelloPrinter;JavaTutorial_4_6_9;increment_v2;JavaTutorial_4_6_7;ae_arithmetic_v2;JavaTutorial_4_6_8;ObjectEquality;JavaTutorial_4_2_9;JavaTutorial_4_6_5;JavaTutorial_4_6_6;MethodDemo;JavaTutorial_4_2_7;JavaTutorial_4_2_8;ifelse2_v2;TypeCasting_v2;ae_use_2darray_v2;using_array_v2;Bank;StringsParse;StringsEqualsIgnoreCase;CreateObjectDemo_v2;ae_array_demo;ae_JavaTutorial_4_1_3;arraylist2_v2;JavaTutorial_4_1_5;ae_conditional_demo1;JavaTutorial_4_1_3;boolean_operators_v2;TicTacToe;ConstructorDemo;CreateString_v2;EnhancedForLoopDemo;CompoundAssignment;ae_do_while_v2;override_v2;boolean_expression_v2;simple_inheritance_1;ae_tostring_demo;JavaTutorial_4_6_14;ae_use_array_v2;JavaTutorial_4_6_12;do_while_v2;exception_v2;ae_primitive_datatype_demo;arithmetic_v2;ae_constant_demo;inheritance_constructors_1;use_2darray_v2;inheritance1_v2;poly_v2;ae_constant_math_demo;StringExample_v2;ae_cash_register_constant_demo;JavaTutorial_4_4_3;JavaTutorial_4_4_2;ae_BJ4_ch03_s06_BankAccountTester;ae_while_v2;GradeBook;BankAccountTester;ae_concat_demo;ae_BJ4_ch02_s05_MethodDemo;inheritance_casting_1;ae_nested_for_demo;testNull;ae_BJ4_ch02_s07_AccessorMutatorDemo;ae_unary_demo;ae_BJ4_ch02_s10_CopyDemo;ArrayListTester;arraylist1_v2;inheritance_polymorphism_2;inheritance_polymorphism_1;ae_Measure;Decision_If_v2;imple_multi_v2;StringsCharAt;CopyDemo;logical_operators_v2;jeg_interface1_v2;nested_loops_v2;string_length_v2;ae_BJ4_ch01_s05_PrintTester;ae_JavaTutorial_4_7_5;ae_JavaTutorial_4_7_4;PrintTester;Rectangle_v2;ae_BJ4_ch03_s06_CashRegisterTester;OverridingObjectMethods;while_v2;JavaTutorial_4_3_4;JavaTutorial_4_3_5;JavaTutorial_4_3_2;ae_BJ4_ch03_s01_CounterDemo;ae_arraylist2_v2;ae_for_demo;ae_wrapper_class_v2;array_declaration_v2;boolean_declaration_v2;InterfacePolymorphism;ae_BJ4_ch02_s03_VariableDemo;CashRegisterConstantField;use_array_v2;ae_exception_v2;ae_jeg_interface1_v2;AccessorMutatorDemo;ae_nested_loops_v2;ae_while_demo;ae_do_while_demo;thisReference;ae_inheritance_polymorphism_2;JavaTutorial_4_7_8;variables1_v2;JavaTutorial_4_7_6;JavaTutorial_4_7_7;ae_inheritance_polymorphism_1;relational_operators_v2;string_comparison_v2;ae_switch_demo1;stringEquals;JavaTutorial_4_7_4;JavaTutorial_4_7_5;ae_switch_demo2;JavaTutorial_4_3_6;JavaTutorial_4_7_2;ae_simple_inheritance_1;nested_loops2_v2;conditional_operators_v2;wrapper_class_v2;ae_JavaTutorial_4_7_8;
shx17,IS17Fall20141,B2D77,jIfelse4,Decision_If_v2:0.0:17.23;ifelse2_v2:1.0:2.6;string_comparison_v2:1.0:7.81;logical_operators_v2:1.0:30.85;Decision_If_v2:1.0:11.66;ifelse2_v2:0.0:3.07;string_comparison_v2:0.0:5.93;string_comparison_v2:1.0:1.18;JavaTutorial_4_2_2:1.0:9.37;JavaTutorial_4_2_5:1.0:40.38;JavaTutorial_4_2_6:1.0:31.16;JavaTutorial_4_2_6:1.0:521.07;JavaTutorial_4_2_7:1.0:51.26;JavaTutorial_4_2_8:1.0:34.19;JavaTutorial_4_2_9:1.0:43.18;decisions1_v2:1.0:17.26;,0,0,2014-09-24 15:31:25.991,NAIVE::LOCAL,2,ae_BJ4_ch03_s06_CashRegisterTester;CashRegisterConstantField;BankAccountTester;ae_cash_register_constant_demo;AccessorMutatorDemo;ae_BJ4_ch02_s07_AccessorMutatorDemo;Measure;ae_BJ4_ch03_s06_BankAccountTester;InterfacePolymorphism;Bank;string_comparison_v2;JavaTutorial_4_2_2;interfaceClassConversion;
shx17,IS17Fall20141,B2D77,jIfelse4,Decision_If_v2:0.0:17.23;ifelse2_v2:1.0:2.6;string_comparison_v2:1.0:7.81;logical_operators_v2:1.0:30.85;Decision_If_v2:1.0:11.66;ifelse2_v2:0.0:3.07;string_comparison_v2:0.0:5.93;string_comparison_v2:1.0:1.18;JavaTutorial_4_2_2:1.0:9.37;JavaTutorial_4_2_5:1.0:40.38;JavaTutorial_4_2_6:1.0:31.16;JavaTutorial_4_2_6:1.0:521.07;JavaTutorial_4_2_7:1.0:51.26;JavaTutorial_4_2_8:1.0:34.19;JavaTutorial_4_2_9:1.0:43.18;decisions1_v2:1.0:17.26;,0,0,2014-09-24 15:31:25.991,P::GLOBAL::AS::GOAL,1,ae_JavaTutorial_4_7_8;wrapper_class_v2;conditional_operators_v2;nested_loops2_v2;JavaTutorial_4_7_2;ae_simple_inheritance_1;JavaTutorial_4_3_6;ae_switch_demo2;JavaTutorial_4_7_5;string_comparison_v2;JavaTutorial_4_7_4;stringEquals;ae_switch_demo1;
shx17,IS17Fall20141,B2D77,jIfelse4,Decision_If_v2:0.0:17.23;ifelse2_v2:1.0:2.6;string_comparison_v2:1.0:7.81;logical_operators_v2:1.0:30.85;Decision_If_v2:1.0:11.66;ifelse2_v2:0.0:3.07;string_comparison_v2:0.0:5.93;string_comparison_v2:1.0:1.18;JavaTutorial_4_2_2:1.0:9.37;JavaTutorial_4_2_5:1.0:40.38;JavaTutorial_4_2_6:1.0:31.16;JavaTutorial_4_2_6:1.0:521.07;JavaTutorial_4_2_7:1.0:51.26;JavaTutorial_4_2_8:1.0:34.19;JavaTutorial_4_2_9:1.0:43.18;decisions1_v2:1.0:17.26;,0,0,2014-09-24 15:31:25.991,P::GLOBAL::COS::GOAL,1,ae_JavaTutorial_4_7_8;wrapper_class_v2;conditional_operators_v2;nested_loops2_v2;JavaTutorial_4_7_2;ae_simple_inheritance_1;JavaTutorial_4_3_6;ae_switch_demo2;JavaTutorial_4_7_5;ae_switch_demo1;JavaTutorial_4_7_4;stringEquals;string_comparison_v2;
shx17,IS17Fall20141,B2D77,jIfelse4,Decision_If_v2:0.0:17.23;ifelse2_v2:1.0:2.6;string_comparison_v2:1.0:7.81;logical_operators_v2:1.0:30.85;Decision_If_v2:1.0:11.66;ifelse2_v2:0.0:3.07;string_comparison_v2:0.0:5.93;string_comparison_v2:1.0:1.18;JavaTutorial_4_2_2:1.0:9.37;JavaTutorial_4_2_5:1.0:40.38;JavaTutorial_4_2_6:1.0:31.16;JavaTutorial_4_2_6:1.0:521.07;JavaTutorial_4_2_7:1.0:51.26;JavaTutorial_4_2_8:1.0:34.19;JavaTutorial_4_2_9:1.0:43.18;decisions1_v2:1.0:17.26;,0,0,2014-09-24 15:31:25.991,P::LOCAL::AS::GOAL,1,wrapper_class_v2;ae_JavaTutorial_4_7_8;conditional_operators_v2;nested_loops2_v2;JavaTutorial_4_3_6;ae_simple_inheritance_1;JavaTutorial_4_7_2;ae_switch_demo2;JavaTutorial_4_7_5;ae_switch_demo1;stringEquals;string_comparison_v2;JavaTutorial_4_7_4;
shx17,IS17Fall20141,B2D77,jIfelse4,Decision_If_v2:0.0:17.23;ifelse2_v2:1.0:2.6;string_comparison_v2:1.0:7.81;logical_operators_v2:1.0:30.85;Decision_If_v2:1.0:11.66;ifelse2_v2:0.0:3.07;string_comparison_v2:0.0:5.93;string_comparison_v2:1.0:1.18;JavaTutorial_4_2_2:1.0:9.37;JavaTutorial_4_2_5:1.0:40.38;JavaTutorial_4_2_6:1.0:31.16;JavaTutorial_4_2_6:1.0:521.07;JavaTutorial_4_2_7:1.0:51.26;JavaTutorial_4_2_8:1.0:34.19;JavaTutorial_4_2_9:1.0:43.18;decisions1_v2:1.0:17.26;,0,0,2014-09-24 15:31:25.991,P::LOCAL::COS::GOAL,1,ae_JavaTutorial_4_7_8;wrapper_class_v2;conditional_operators_v2;nested_loops2_v2;JavaTutorial_4_3_6;ae_simple_inheritance_1;JavaTutorial_4_7_2;ae_switch_demo2;JavaTutorial_4_7_5;ae_switch_demo1;JavaTutorial_4_7_4;stringEquals;string_comparison_v2;
wmm25,IS17Fall20141,FAE70,jWhile4,while_v2:1.0:13.62;JavaTutorial_4_4_2:1.0:16.19;JavaTutorial_4_4_3:1.0:11.33;,0,0,2014-10-14 22:29:24.267,GLOBAL::COS,1,Decision_If_v2;ae_while_v2;while_v2;
wmm25,IS17Fall20141,FAE70,jWhile4,while_v2:1.0:13.62;JavaTutorial_4_4_2:1.0:16.19;JavaTutorial_4_4_3:1.0:11.33;,0,0,2014-10-14 22:29:24.267,P::GLOBAL::AS::GOAL,2,JavaTutorial_4_4_3;while_v2;ae_while_v2;
wmm25,IS17Fall20141,FAE70,jWhile4,while_v2:1.0:13.62;JavaTutorial_4_4_2:1.0:16.19;JavaTutorial_4_4_3:1.0:11.33;,0,0,2014-10-14 22:29:24.267,P::GLOBAL::COS::GOAL,1,ae_do_while_demo;ae_while_demo;while_v2;
wmm25,IS17Fall20141,FAE70,jWhile4,while_v2:1.0:13.62;JavaTutorial_4_4_2:1.0:16.19;JavaTutorial_4_4_3:1.0:11.33;,0,0,2014-10-14 22:29:24.267,P::LOCAL::AS::GOAL,2,JavaTutorial_4_4_3;while_v2;ae_while_v2;
wmm25,IS17Fall20141,FAE70,jWhile4,while_v2:1.0:13.62;JavaTutorial_4_4_2:1.0:16.19;JavaTutorial_4_4_3:1.0:11.33;,0,0,2014-10-14 22:29:24.267,P::LOCAL::COS::GOAL,2,while_v2;ae_while_v2;JavaTutorial_4_4_3;
wmm25,IS17Fall20141,13F0C,jDowhile8,do_while_v2:1.0:30.34;,0,0,2014-10-29 16:34:01.101,P::GLOBAL::AS::GOAL,1,do_while_v2;
wmm25,IS17Fall20141,13F0C,jDowhile8,do_while_v2:1.0:30.34;,0,0,2014-10-29 16:34:01.101,P::LOCAL::AS::GOAL,1,do_while_v2;
wmm25,IS17Fall20141,13F0C,jDowhile8,do_while_v2:1.0:30.34;,0,0,2014-10-29 16:34:01.101,P::LOCAL::COS::GOAL,1,do_while_v2;
wmm25,IS17Fall20141,EF9E1,jNested2,JavaTutorial_4_6_7:1.0:19.92;JavaTutorial_4_6_14:1.0:7.42;JavaTutorial_4_6_6:0.0:0;JavaTutorial_4_6_6:1.0:12.64;,1,2,2014-11-06 16:42:01.624,NAIVE::LOCAL,1,JavaTutorial_4_7_7;JavaTutorial_4_6_14;ae_nested_loops_v2;
wmm25,IS17Fall20141,EF9E1,jNested2,JavaTutorial_4_6_7:1.0:19.92;JavaTutorial_4_6_14:1.0:7.42;JavaTutorial_4_6_6:0.0:0;JavaTutorial_4_6_6:1.0:12.64;,1,2,2014-11-06 16:42:01.624,GLOBAL::COS,1,JavaTutorial_4_6_14;ae_nested_loops_v2;nested_loops_v2;
wmm25,IS17Fall20141,EF9E1,jNested2,JavaTutorial_4_6_7:1.0:19.92;JavaTutorial_4_6_14:1.0:7.42;JavaTutorial_4_6_6:0.0:0;JavaTutorial_4_6_6:1.0:12.64;,1,2,2014-11-06 16:42:01.624,LOCAL::COS,1,ae_for_demo;JavaTutorial_4_6_7;JavaTutorial_4_7_7;
wmm25,IS17Fall20141,EF9E1,jNested2,JavaTutorial_4_6_7:1.0:19.92;JavaTutorial_4_6_14:1.0:7.42;JavaTutorial_4_6_6:0.0:0;JavaTutorial_4_6_6:1.0:12.64;,1,2,2014-11-06 16:42:01.624,P::LOCAL::AS,1,JavaTutorial_4_7_7;ae_for_demo;JavaTutorial_4_6_7;
wmm25,IS17Fall20141,EF9E1,jNested2,JavaTutorial_4_6_7:1.0:19.92;JavaTutorial_4_6_14:1.0:7.42;JavaTutorial_4_6_6:0.0:0;JavaTutorial_4_6_6:1.0:12.64;,1,2,2014-11-06 16:42:01.624,P::LOCAL::COS,1,JavaTutorial_4_7_7;ae_for_demo;JavaTutorial_4_6_7;
wmm25,IS17Fall20141,EF9E1,jNested2,JavaTutorial_4_6_7:1.0:19.92;JavaTutorial_4_6_14:1.0:7.42;JavaTutorial_4_6_6:0.0:0;JavaTutorial_4_6_6:1.0:12.64;,1,2,2014-11-06 16:42:01.624,P::LOCAL::AS::GOAL,1,ae_nested_loops_v2;nested_loops_v2;JavaTutorial_4_6_14;
