knw21,IS17Spring2015,3ADFB,jWhile3,2015-02-03 10:29:52.921,while_v2,P::LOCAL::COS
knw21,IS17Spring2015,3ADFB,jWhile3,2015-02-03 10:29:52.921,while_v2,P::GLOBAL::AS::GOAL
knw21,IS17Spring2015,3ADFB,jWhile3,2015-02-03 10:29:52.921,while_v2,P::LOCAL::AS::GOAL
knw21,IS17Spring2015,3ADFB,jWhile3,2015-02-03 10:29:52.921,while_v2,P::LOCAL::COS::GOAL
knw21,IS17Spring2015,3ADFB,jBoolean_Method,2015-02-03 10:32:27.171,CreateString_v2,P::GLOBAL::AS
knw21,IS17Spring2015,3ADFB,jBoolean_Method,2015-02-03 10:32:27.171,CreateString_v2,P::GLOBAL::COS
knw21,IS17Spring2015,3ADFB,jIfelse1,2015-02-03 10:35:14.515,OperatorExample_v2,P::GLOBAL::AS
knw21,IS17Spring2015,3ADFB,jIfelse1,2015-02-03 10:35:14.515,OperatorExample_v2,P::GLOBAL::COS
dwr12,IS17Spring2015,95E74,jbooleanOperationsOR,2015-01-31 14:41:16.499,conditional_operators_v2,GLOBAL::COS
dwr12,IS17Spring2015,95E74,jbooleanOperationsOR,2015-01-31 14:41:16.499,boolean_expression_v2,GLOBAL::COS
dwr12,IS17Spring2015,95E74,jbooleanOperationsOR,2015-01-31 14:41:16.499,JavaTutorial_4_2_5,LOCAL::COS
dwr12,IS17Spring2015,95E74,jbooleanOperationsOR,2015-01-31 14:41:16.499,conditional_operators_v2,P::GLOBAL::AS::GOAL
dwr12,IS17Spring2015,95E74,jbooleanOperationsOR,2015-01-31 14:41:16.499,conditional_operators_v2,P::GLOBAL::COS::GOAL
dwr12,IS17Spring2015,95E74,jbooleanOperationsOR,2015-01-31 14:41:16.499,conditional_operators_v2,P::LOCAL::AS::GOAL
dwr12,IS17Spring2015,95E74,jbooleanOperationsOR,2015-01-31 14:41:16.499,boolean_expression_v2,P::LOCAL::AS::GOAL
dwr12,IS17Spring2015,95E74,jbooleanOperationsOR,2015-01-31 14:41:16.499,conditional_operators_v2,P::LOCAL::COS::GOAL
ggs6,IS17Spring2015,0A992,jInheritance1,2015-03-31 03:18:25.578,OverridingObjectMethods,NAIVE::LOCAL
ggs6,IS17Spring2015,0A992,jInheritance1,2015-03-31 03:18:25.578,OverridingObjectMethods,GLOBAL::AS
ggs6,IS17Spring2015,0A992,jInheritance1,2015-03-31 03:18:25.578,OverridingObjectMethods,GLOBAL::COS
ggs6,IS17Spring2015,0A992,jInheritance1,2015-03-31 03:18:25.578,OverridingObjectMethods,P::GLOBAL::AS
ggs6,IS17Spring2015,0A992,jInheritance1,2015-03-31 03:18:25.578,OverridingObjectMethods,P::GLOBAL::COS
ggs6,IS17Spring2015,0A992,jInheritance1,2015-03-31 03:18:25.578,OverridingObjectMethods,P::GLOBAL::AS::GOAL
ggs6,IS17Spring2015,0A992,jInheritance1,2015-03-31 03:18:25.578,OverridingObjectMethods,P::GLOBAL::COS::GOAL
ggs6,IS17Spring2015,0A992,jInheritance1,2015-03-31 03:18:25.578,OverridingObjectMethods,P::LOCAL::AS::GOAL
ggs6,IS17Spring2015,0A992,jInheritance1,2015-03-31 03:18:25.578,OverridingObjectMethods,P::LOCAL::COS::GOAL
sia28,IS17Spring2015,EDADB,jusingFloat,2015-02-15 09:20:19.475,PrimitiveDataTypes_v2,RANDOM::BASELINE
sia28,IS17Spring2015,EDADB,jusingFloat,2015-02-15 09:20:19.475,OperatorExample_v2,RANDOM::BASELINE
sia28,IS17Spring2015,EDADB,jusingFloat,2015-02-15 09:20:19.475,constant_v2,RANDOM::BASELINE
sia28,IS17Spring2015,EDADB,jusingFloat,2015-02-15 09:20:19.475,Constants_v2,RANDOM::BASELINE
sia28,IS17Spring2015,EDADB,jusingFloat,2015-02-15 09:20:19.475,HelloWorld2_v2,RANDOM::BASELINE
sia28,IS17Spring2015,EDADB,jusingFloat,2015-02-15 09:20:19.475,PrimitiveDataTypes_v2,NAIVE::LOCAL
sia28,IS17Spring2015,EDADB,jusingFloat,2015-02-15 09:20:19.475,VariableDemo,NAIVE::LOCAL
sia28,IS17Spring2015,EDADB,jusingFloat,2015-02-15 09:20:19.475,PrintTester,NAIVE::LOCAL
sia28,IS17Spring2015,EDADB,jusingFloat,2015-02-15 09:20:19.475,variables2_v2,NAIVE::LOCAL
sia28,IS17Spring2015,EDADB,jusingFloat,2015-02-15 09:20:19.475,arithmetic_v2,NAIVE::LOCAL
sia28,IS17Spring2015,EDADB,jusingFloat,2015-02-15 09:20:19.475,JavaTutorial_4_1_5,GLOBAL::AS
sia28,IS17Spring2015,EDADB,jusingFloat,2015-02-15 09:20:19.475,OperatorExample_v2,GLOBAL::AS
sia28,IS17Spring2015,EDADB,jusingFloat,2015-02-15 09:20:19.475,VariableDemo,GLOBAL::AS
sia28,IS17Spring2015,EDADB,jusingFloat,2015-02-15 09:20:19.475,variables2_v2,GLOBAL::AS
sia28,IS17Spring2015,EDADB,jusingFloat,2015-02-15 09:20:19.475,PrintTester,GLOBAL::AS
sia28,IS17Spring2015,EDADB,jusingFloat,2015-02-15 09:20:19.475,PrimitiveDataTypes_v2,GLOBAL::COS
sia28,IS17Spring2015,EDADB,jusingFloat,2015-02-15 09:20:19.475,PrintTester,GLOBAL::COS
sia28,IS17Spring2015,EDADB,jusingFloat,2015-02-15 09:20:19.475,arithmetic_v2,GLOBAL::COS
sia28,IS17Spring2015,EDADB,jusingFloat,2015-02-15 09:20:19.475,variables2_v2,GLOBAL::COS
sia28,IS17Spring2015,EDADB,jusingFloat,2015-02-15 09:20:19.475,VariableDemo,GLOBAL::COS
sia28,IS17Spring2015,EDADB,jusingFloat,2015-02-15 09:20:19.475,HelloPrinter,LOCAL::AS
sia28,IS17Spring2015,EDADB,jusingFloat,2015-02-15 09:20:19.475,variables2_v2,LOCAL::AS
sia28,IS17Spring2015,EDADB,jusingFloat,2015-02-15 09:20:19.475,PrimitiveDataTypes_v2,LOCAL::AS
sia28,IS17Spring2015,EDADB,jusingFloat,2015-02-15 09:20:19.475,HelloPrinter,LOCAL::COS
sia28,IS17Spring2015,EDADB,jusingFloat,2015-02-15 09:20:19.475,constant_v2,LOCAL::COS
sia28,IS17Spring2015,EDADB,jusingFloat,2015-02-15 09:20:19.475,variables1_v2,P::GLOBAL::AS
sia28,IS17Spring2015,EDADB,jusingFloat,2015-02-15 09:20:19.475,JavaTutorial_4_1_5,P::GLOBAL::AS
sia28,IS17Spring2015,EDADB,jusingFloat,2015-02-15 09:20:19.475,variables2_v2,P::GLOBAL::AS
sia28,IS17Spring2015,EDADB,jusingFloat,2015-02-15 09:20:19.475,VariableDemo,P::GLOBAL::AS
sia28,IS17Spring2015,EDADB,jusingFloat,2015-02-15 09:20:19.475,OperatorExample_v2,P::GLOBAL::AS
sia28,IS17Spring2015,EDADB,jusingFloat,2015-02-15 09:20:19.475,PrintTester,P::GLOBAL::AS
sia28,IS17Spring2015,EDADB,jusingFloat,2015-02-15 09:20:19.475,HelloPrinter,P::GLOBAL::AS
sia28,IS17Spring2015,EDADB,jusingFloat,2015-02-15 09:20:19.475,variables1_v2,P::GLOBAL::COS
sia28,IS17Spring2015,EDADB,jusingFloat,2015-02-15 09:20:19.475,variables2_v2,P::GLOBAL::COS
sia28,IS17Spring2015,EDADB,jusingFloat,2015-02-15 09:20:19.475,JavaTutorial_4_1_5,P::GLOBAL::COS
sia28,IS17Spring2015,EDADB,jusingFloat,2015-02-15 09:20:19.475,HelloPrinter,P::GLOBAL::COS
sia28,IS17Spring2015,EDADB,jusingFloat,2015-02-15 09:20:19.475,VariableDemo,P::GLOBAL::COS
sia28,IS17Spring2015,EDADB,jusingFloat,2015-02-15 09:20:19.475,PrintTester,P::GLOBAL::COS
sia28,IS17Spring2015,EDADB,jusingFloat,2015-02-15 09:20:19.475,OperatorExample_v2,P::GLOBAL::COS
sia28,IS17Spring2015,EDADB,jusingFloat,2015-02-15 09:20:19.475,HelloPrinter,P::LOCAL::AS
sia28,IS17Spring2015,EDADB,jusingFloat,2015-02-15 09:20:19.475,constant_v2,P::LOCAL::AS
sia28,IS17Spring2015,EDADB,jusingFloat,2015-02-15 09:20:19.475,variables2_v2,P::LOCAL::AS
sia28,IS17Spring2015,EDADB,jusingFloat,2015-02-15 09:20:19.475,HelloPrinter,P::LOCAL::COS
sia28,IS17Spring2015,EDADB,jusingFloat,2015-02-15 09:20:19.475,constant_v2,P::LOCAL::COS
sia28,IS17Spring2015,EDADB,jusingFloat,2015-02-15 09:20:19.475,PrimitiveDataTypes_v2,P::GLOBAL::AS::GOAL
sia28,IS17Spring2015,EDADB,jusingFloat,2015-02-15 09:20:19.475,variables1_v2,P::GLOBAL::AS::GOAL
sia28,IS17Spring2015,EDADB,jusingFloat,2015-02-15 09:20:19.475,PrimitiveDataTypes_v2,P::GLOBAL::COS::GOAL
sia28,IS17Spring2015,EDADB,jusingFloat,2015-02-15 09:20:19.475,PrimitiveDataTypes_v2,P::LOCAL::AS::GOAL
sia28,IS17Spring2015,EDADB,jusingFloat,2015-02-15 09:20:19.475,variables1_v2,P::LOCAL::AS::GOAL
sia28,IS17Spring2015,EDADB,jusingFloat,2015-02-15 09:20:19.475,PrimitiveDataTypes_v2,P::LOCAL::COS::GOAL
sia28,IS17Spring2015,EDADB,jusingFloat,2015-02-15 09:20:19.475,variables1_v2,P::LOCAL::COS::GOAL
sia28,IS17Spring2015,E299B,jArray1,2015-04-13 18:47:37.607,array_declaration_v2,NAIVE::LOCAL
sia28,IS17Spring2015,E299B,jArray1,2015-04-13 18:47:37.607,JavaTutorial_4_7_5,NAIVE::LOCAL
sia28,IS17Spring2015,E299B,jArray1,2015-04-13 18:47:37.607,using_array_v2,GLOBAL::AS
sia28,IS17Spring2015,E299B,jArray1,2015-04-13 18:47:37.607,array_declaration_v2,GLOBAL::AS
sia28,IS17Spring2015,E299B,jArray1,2015-04-13 18:47:37.607,use_array_v2,GLOBAL::AS
sia28,IS17Spring2015,E299B,jArray1,2015-04-13 18:47:37.607,JavaTutorial_4_7_6,GLOBAL::AS
sia28,IS17Spring2015,E299B,jArray1,2015-04-13 18:47:37.607,array_declaration_v2,GLOBAL::COS
sia28,IS17Spring2015,E299B,jArray1,2015-04-13 18:47:37.607,JavaTutorial_4_7_5,GLOBAL::COS
sia28,IS17Spring2015,E299B,jArray1,2015-04-13 18:47:37.607,using_array_v2,LOCAL::AS
sia28,IS17Spring2015,E299B,jArray1,2015-04-13 18:47:37.607,array_declaration_v2,LOCAL::AS
sia28,IS17Spring2015,E299B,jArray1,2015-04-13 18:47:37.607,using_array_v2,LOCAL::COS
sia28,IS17Spring2015,E299B,jArray1,2015-04-13 18:47:37.607,using_array_v2,P::GLOBAL::AS
sia28,IS17Spring2015,E299B,jArray1,2015-04-13 18:47:37.607,array_declaration_v2,P::GLOBAL::AS
sia28,IS17Spring2015,E299B,jArray1,2015-04-13 18:47:37.607,use_array_v2,P::GLOBAL::AS
sia28,IS17Spring2015,E299B,jArray1,2015-04-13 18:47:37.607,JavaTutorial_4_7_6,P::GLOBAL::AS
sia28,IS17Spring2015,E299B,jArray1,2015-04-13 18:47:37.607,using_array_v2,P::GLOBAL::COS
sia28,IS17Spring2015,E299B,jArray1,2015-04-13 18:47:37.607,array_declaration_v2,P::GLOBAL::COS
sia28,IS17Spring2015,E299B,jArray1,2015-04-13 18:47:37.607,use_array_v2,P::GLOBAL::COS
sia28,IS17Spring2015,E299B,jArray1,2015-04-13 18:47:37.607,JavaTutorial_4_7_6,P::GLOBAL::COS
sia28,IS17Spring2015,E299B,jArray1,2015-04-13 18:47:37.607,using_array_v2,P::LOCAL::COS
sia28,IS17Spring2015,E299B,jArray1,2015-04-13 18:47:37.607,array_declaration_v2,P::GLOBAL::AS::GOAL
sia28,IS17Spring2015,E299B,jArray1,2015-04-13 18:47:37.607,JavaTutorial_4_7_6,P::GLOBAL::AS::GOAL
sia28,IS17Spring2015,E299B,jArray1,2015-04-13 18:47:37.607,using_array_v2,P::GLOBAL::AS::GOAL
sia28,IS17Spring2015,E299B,jArray1,2015-04-13 18:47:37.607,JavaTutorial_4_7_6,P::GLOBAL::COS::GOAL
sia28,IS17Spring2015,E299B,jArray1,2015-04-13 18:47:37.607,array_declaration_v2,P::GLOBAL::COS::GOAL
sia28,IS17Spring2015,E299B,jArray1,2015-04-13 18:47:37.607,JavaTutorial_4_7_2,P::GLOBAL::COS::GOAL
sia28,IS17Spring2015,E299B,jArray1,2015-04-13 18:47:37.607,use_array_v2,P::LOCAL::AS::GOAL
sia28,IS17Spring2015,E299B,jArray1,2015-04-13 18:47:37.607,array_declaration_v2,P::LOCAL::AS::GOAL
sia28,IS17Spring2015,E299B,jArray1,2015-04-13 18:47:37.607,use_array_v2,P::LOCAL::COS::GOAL
sia28,IS17Spring2015,E299B,jArray2,2015-04-13 18:51:05.404,array_declaration_v2,NAIVE::LOCAL
sia28,IS17Spring2015,E299B,jArray2,2015-04-13 18:51:05.404,array_declaration_v2,LOCAL::AS
sia28,IS17Spring2015,E299B,jArray2,2015-04-13 18:51:05.404,array_declaration_v2,P::LOCAL::AS
sjk94,IS17Spring2015,E0B88,jVariable1,2015-01-20 11:12:53.578,CompoundAssignment,NAIVE::LOCAL
sjk94,IS17Spring2015,E0B88,jVariable1,2015-01-20 11:12:53.578,CompoundAssignment,GLOBAL::AS
sjk94,IS17Spring2015,E0B88,jVariable1,2015-01-20 11:12:53.578,CompoundAssignment,P::GLOBAL::AS
sjk94,IS17Spring2015,E0B88,jVariable1,2015-01-20 11:12:53.578,CompoundAssignment,P::LOCAL::COS
sjk94,IS17Spring2015,E0B88,jVariable1,2015-01-20 11:12:53.578,CompoundAssignment,P::GLOBAL::AS::GOAL
sjk94,IS17Spring2015,E0B88,jVariable1,2015-01-20 11:12:53.578,CompoundAssignment,P::LOCAL::AS::GOAL
sjk94,IS17Spring2015,E0B88,jVariable1,2015-01-20 11:12:53.578,CompoundAssignment,P::LOCAL::COS::GOAL
sjk94,IS17Spring2015,E0B88,jPostIncrement,2015-01-20 11:16:50.578,increment_v2,GLOBAL::AS
sjk94,IS17Spring2015,E0B88,jPostIncrement,2015-01-20 11:16:50.578,increment_v2,P::GLOBAL::AS::GOAL
sjk94,IS17Spring2015,B07B7,jClassCashRegister,2015-02-23 21:57:55.068,CashRegisterConstantField,NAIVE::LOCAL
sjk94,IS17Spring2015,B07B7,jClassCashRegister,2015-02-23 21:57:55.068,BankAccountTester,NAIVE::LOCAL
sjk94,IS17Spring2015,B07B7,jClassCashRegister,2015-02-23 21:57:55.068,CashRegisterConstantField,GLOBAL::AS
sjk94,IS17Spring2015,B07B7,jClassCashRegister,2015-02-23 21:57:55.068,BankAccountTester,GLOBAL::AS
sjk94,IS17Spring2015,B07B7,jClassCashRegister,2015-02-23 21:57:55.068,CashRegisterConstantField,GLOBAL::COS
sjk94,IS17Spring2015,B07B7,jClassCashRegister,2015-02-23 21:57:55.068,BankAccountTester,GLOBAL::COS
sjk94,IS17Spring2015,B07B7,jClassCashRegister,2015-02-23 21:57:55.068,CashRegisterConstantField,LOCAL::AS
sjk94,IS17Spring2015,B07B7,jClassCashRegister,2015-02-23 21:57:55.068,BankAccountTester,LOCAL::AS
sjk94,IS17Spring2015,B07B7,jClassCashRegister,2015-02-23 21:57:55.068,CashRegisterConstantField,LOCAL::COS
sjk94,IS17Spring2015,B07B7,jClassCashRegister,2015-02-23 21:57:55.068,BankAccountTester,LOCAL::COS
sjk94,IS17Spring2015,B07B7,jClassCashRegister,2015-02-23 21:57:55.068,CashRegisterConstantField,P::GLOBAL::AS
sjk94,IS17Spring2015,B07B7,jClassCashRegister,2015-02-23 21:57:55.068,BankAccountTester,P::GLOBAL::AS
sjk94,IS17Spring2015,B07B7,jClassCashRegister,2015-02-23 21:57:55.068,CashRegisterConstantField,P::GLOBAL::COS
sjk94,IS17Spring2015,B07B7,jClassCashRegister,2015-02-23 21:57:55.068,BankAccountTester,P::GLOBAL::COS
sjk94,IS17Spring2015,B07B7,jClassCashRegister,2015-02-23 21:57:55.068,CashRegisterConstantField,P::LOCAL::AS
sjk94,IS17Spring2015,B07B7,jClassCashRegister,2015-02-23 21:57:55.068,BankAccountTester,P::LOCAL::AS
sjk94,IS17Spring2015,B07B7,jClassCashRegister,2015-02-23 21:57:55.068,CashRegisterConstantField,P::LOCAL::COS
sjk94,IS17Spring2015,B07B7,jClassCashRegister,2015-02-23 21:57:55.068,BankAccountTester,P::LOCAL::COS
sjk94,IS17Spring2015,B07B7,jClassCashRegister,2015-02-23 21:57:55.068,CashRegisterConstantField,P::GLOBAL::AS::GOAL
sjk94,IS17Spring2015,B07B7,jClassCashRegister,2015-02-23 21:57:55.068,BankAccountTester,P::GLOBAL::AS::GOAL
sjk94,IS17Spring2015,B07B7,jClassCashRegister,2015-02-23 21:57:55.068,CashRegisterConstantField,P::GLOBAL::COS::GOAL
sjk94,IS17Spring2015,B07B7,jClassCashRegister,2015-02-23 21:57:55.068,CashRegisterConstantField,P::LOCAL::AS::GOAL
sjk94,IS17Spring2015,B07B7,jClassCashRegister,2015-02-23 21:57:55.068,CashRegisterConstantField,P::LOCAL::COS::GOAL
sjk94,IS17Spring2015,B07B7,jClassCashRegister,2015-02-23 21:57:55.068,thisReference,P::LOCAL::COS::GOAL
sjk94,IS17Spring2015,EC825,jArrayList3,2015-03-24 09:21:53.140,ArrayListTester,P::GLOBAL::AS
sjk94,IS17Spring2015,EC825,jArrayList3,2015-03-24 09:21:53.140,ArrayListTester,P::GLOBAL::COS
sjk94,IS17Spring2015,EC825,jArrayList3,2015-03-24 09:21:53.140,ArrayListTester,P::GLOBAL::AS::GOAL
sjk94,IS17Spring2015,EC825,jArrayList3,2015-03-24 09:21:53.140,ArrayListTester,P::LOCAL::COS::GOAL
sjk94,IS17Spring2015,EC825,jArray2,2015-03-24 10:06:43.843,using_array_v2,GLOBAL::AS
sjk94,IS17Spring2015,AB339,jInheritance5,2015-04-02 09:23:32.984,OverridingObjectMethods,NAIVE::LOCAL
sjk94,IS17Spring2015,AB339,jInheritance5,2015-04-02 09:23:32.984,OverridingObjectMethods,GLOBAL::AS
sjk94,IS17Spring2015,AB339,jInheritance5,2015-04-02 09:23:32.984,OverridingObjectMethods,GLOBAL::COS
sjk94,IS17Spring2015,AB339,jInheritance5,2015-04-02 09:23:32.984,OverridingObjectMethods,P::GLOBAL::AS
sjk94,IS17Spring2015,AB339,jInheritance5,2015-04-02 09:23:32.984,OverridingObjectMethods,P::GLOBAL::COS
sjk94,IS17Spring2015,AB339,jInheritance5,2015-04-02 09:23:32.984,OverridingObjectMethods,P::GLOBAL::AS::GOAL
sjk94,IS17Spring2015,AB339,jInheritance5,2015-04-02 09:23:32.984,OverridingObjectMethods,P::GLOBAL::COS::GOAL
sjk94,IS17Spring2015,AB339,jInheritance5,2015-04-02 09:23:32.984,OverridingObjectMethods,P::LOCAL::AS::GOAL
sjk94,IS17Spring2015,AB339,jInheritance5,2015-04-02 09:23:32.984,inheritance_constructors_1,P::LOCAL::AS::GOAL
sjk94,IS17Spring2015,AB339,jInheritance5,2015-04-02 09:23:32.984,OverridingObjectMethods,P::LOCAL::COS::GOAL
ryp6,IS17Spring2015,95727,jDouble1,2015-01-17 00:52:57.734,TypeCasting_v2,NAIVE::LOCAL
ryp6,IS17Spring2015,95727,jDouble1,2015-01-17 00:52:57.734,TypeCasting_v2,GLOBAL::AS
ryp6,IS17Spring2015,95727,jDouble1,2015-01-17 00:52:57.734,TypeCasting_v2,LOCAL::AS
ryp6,IS17Spring2015,95727,jDouble1,2015-01-17 00:52:57.734,TypeCasting_v2,LOCAL::COS
ryp6,IS17Spring2015,95727,jDouble1,2015-01-17 00:52:57.734,TypeCasting_v2,P::LOCAL::AS
ryp6,IS17Spring2015,95727,jDouble1,2015-01-17 00:52:57.734,TypeCasting_v2,P::LOCAL::AS::GOAL
ryp6,IS17Spring2015,C27C4,jStringEqual,2015-01-18 22:11:46.718,StringsEqualsIgnoreCase,NAIVE::LOCAL
ryp6,IS17Spring2015,C27C4,jStringEqual,2015-01-18 22:11:46.718,StringsEqualsIgnoreCase,GLOBAL::AS
ryp6,IS17Spring2015,C27C4,jStringEqual,2015-01-18 22:11:46.718,StringsEqualsIgnoreCase,GLOBAL::COS
ryp6,IS17Spring2015,C27C4,jStringEqual,2015-01-18 22:11:46.718,StringsEqualsIgnoreCase,P::GLOBAL::AS
ryp6,IS17Spring2015,C27C4,jStringEqual,2015-01-18 22:11:46.718,StringsEqualsIgnoreCase,P::GLOBAL::COS
ryp6,IS17Spring2015,C27C4,jStringEqual,2015-01-18 22:11:46.718,StringsEqualsIgnoreCase,P::LOCAL::AS
ryp6,IS17Spring2015,C27C4,jStringEqual,2015-01-18 22:11:46.718,StringsEqualsIgnoreCase,P::GLOBAL::AS::GOAL
ryp6,IS17Spring2015,C27C4,jStringEqual,2015-01-18 22:11:46.718,StringsEqualsIgnoreCase,P::GLOBAL::COS::GOAL
ryp6,IS17Spring2015,C27C4,jStringEqual,2015-01-18 22:11:46.718,StringsEqualsIgnoreCase,P::LOCAL::AS::GOAL
ryp6,IS17Spring2015,C27C4,jStringEqual,2015-01-18 22:11:46.718,StringsEqualsIgnoreCase,P::LOCAL::COS::GOAL
ryp6,IS17Spring2015,C27C4,jBoolean_Method,2015-01-18 22:25:54.937,CreateString_v2,GLOBAL::AS
ryp6,IS17Spring2015,C27C4,jBoolean_Method,2015-01-18 22:25:54.937,CreateString_v2,GLOBAL::COS
ryp6,IS17Spring2015,C27C4,jBoolean_Method,2015-01-18 22:25:54.937,CreateString_v2,P::GLOBAL::AS
ryp6,IS17Spring2015,C27C4,jBoolean_Method,2015-01-18 22:25:54.937,CreateString_v2,P::GLOBAL::COS
qig13,IS17Spring2015,EB860,jPostDecrement,2015-01-15 21:04:59.624,Decrement,NAIVE::LOCAL
qig13,IS17Spring2015,EB860,jPostDecrement,2015-01-15 21:04:59.624,Decrement,GLOBAL::AS
qig13,IS17Spring2015,EB860,jPostDecrement,2015-01-15 21:04:59.624,Decrement,P::GLOBAL::AS
qig13,IS17Spring2015,EB860,jPostDecrement,2015-01-15 21:04:59.624,Decrement,P::GLOBAL::AS::GOAL
qig13,IS17Spring2015,EB860,jPostDecrement,2015-01-15 21:04:59.624,Decrement,P::LOCAL::COS::GOAL
qig13,IS17Spring2015,EB860,jMathFuc1,2015-01-15 21:16:39.624,MathFunction_v2,NAIVE::LOCAL
qig13,IS17Spring2015,EB860,jMathFuc1,2015-01-15 21:16:39.624,MathFunction_v2,GLOBAL::COS
qig13,IS17Spring2015,EB860,jMathFuc1,2015-01-15 21:16:39.624,MathFunction_v2,P::GLOBAL::AS::GOAL
qig13,IS17Spring2015,EB860,jMathFuc1,2015-01-15 21:16:39.624,MathFunction_v2,P::GLOBAL::COS::GOAL
qig13,IS17Spring2015,EB860,jMathFuc1,2015-01-15 21:16:39.624,MathFunction_v2,P::LOCAL::AS::GOAL
qig13,IS17Spring2015,EB860,jMathFuc1,2015-01-15 21:16:39.624,MathFunction_v2,P::LOCAL::COS::GOAL
qig13,IS17Spring2015,A9670,jStringReplace,2015-01-19 23:15:51.281,PrimitiveDataTypes_v2,RANDOM::BASELINE
dch38,IS17Spring2015,88D75,jOperator1,2015-01-27 14:18:53.234,OperatorExample_v2,NAIVE::LOCAL
dch38,IS17Spring2015,88D75,jOperator1,2015-01-27 14:18:53.234,OperatorExample_v2,GLOBAL::AS
dch38,IS17Spring2015,88D75,jOperator1,2015-01-27 14:18:53.234,OperatorExample_v2,GLOBAL::COS
dch38,IS17Spring2015,88D75,jOperator1,2015-01-27 14:18:53.234,OperatorExample_v2,LOCAL::AS
dch38,IS17Spring2015,88D75,jOperator1,2015-01-27 14:18:53.234,OperatorExample_v2,LOCAL::COS
dch38,IS17Spring2015,88D75,jOperator1,2015-01-27 14:18:53.234,OperatorExample_v2,P::GLOBAL::AS
dch38,IS17Spring2015,88D75,jOperator1,2015-01-27 14:18:53.234,OperatorExample_v2,P::LOCAL::AS
dch38,IS17Spring2015,88D75,jOperator1,2015-01-27 14:18:53.234,OperatorExample_v2,P::LOCAL::COS
dch38,IS17Spring2015,88D75,jOperator1,2015-01-27 14:18:53.234,OperatorExample_v2,P::GLOBAL::AS::GOAL
dch38,IS17Spring2015,88D75,jOperator1,2015-01-27 14:18:53.234,ifelse2_v2,P::GLOBAL::COS::GOAL
dch38,IS17Spring2015,88D75,jOperator1,2015-01-27 14:18:53.234,OperatorExample_v2,P::LOCAL::AS::GOAL
dch38,IS17Spring2015,88D75,jOperator1,2015-01-27 14:18:53.234,OperatorExample_v2,P::LOCAL::COS::GOAL
dch38,IS17Spring2015,88D75,jMathCeil,2015-01-27 14:42:23.062,MathFunction_v2,NAIVE::LOCAL
dch38,IS17Spring2015,88D75,jMathCeil,2015-01-27 14:42:23.062,MathFunction_v2,GLOBAL::COS
dch38,IS17Spring2015,88D75,jMathCeil,2015-01-27 14:42:23.062,MathFunction_v2,LOCAL::AS
dch38,IS17Spring2015,88D75,jMathCeil,2015-01-27 14:42:23.062,MathFunction_v2,P::GLOBAL::AS
dch38,IS17Spring2015,88D75,jMathCeil,2015-01-27 14:42:23.062,MathFunction_v2,P::GLOBAL::COS
dch38,IS17Spring2015,88D75,jMathCeil,2015-01-27 14:42:23.062,MathFunction_v2,P::GLOBAL::AS::GOAL
dch38,IS17Spring2015,88D75,jMathCeil,2015-01-27 14:42:23.062,MathFunction_v2,P::GLOBAL::COS::GOAL
dch38,IS17Spring2015,88D75,jMathCeil,2015-01-27 14:42:23.062,MathFunction_v2,P::LOCAL::AS::GOAL
dch38,IS17Spring2015,F2693,jString4,2015-02-10 18:47:52.396,CreateString_v2,NAIVE::LOCAL
dch38,IS17Spring2015,F2693,jString4,2015-02-10 18:47:52.396,substring_v2,GLOBAL::AS
dch38,IS17Spring2015,F2693,jString4,2015-02-10 18:47:52.396,HelloWorld2_v2,GLOBAL::COS
dch38,IS17Spring2015,F2693,jString4,2015-02-10 18:47:52.396,string_length_v2,LOCAL::AS
dch38,IS17Spring2015,F2693,jString4,2015-02-10 18:47:52.396,substring_v2,LOCAL::AS
dch38,IS17Spring2015,F2693,jString4,2015-02-10 18:47:52.396,CreateString_v2,LOCAL::AS
dch38,IS17Spring2015,F2693,jString4,2015-02-10 18:47:52.396,string_length_v2,LOCAL::COS
dch38,IS17Spring2015,F2693,jString4,2015-02-10 18:47:52.396,CreateString_v2,LOCAL::COS
dch38,IS17Spring2015,F2693,jString4,2015-02-10 18:47:52.396,variables2_v2,P::GLOBAL::AS
dch38,IS17Spring2015,F2693,jString4,2015-02-10 18:47:52.396,substring_v2,P::GLOBAL::AS
dch38,IS17Spring2015,F2693,jString4,2015-02-10 18:47:52.396,string_length_v2,P::GLOBAL::AS
dch38,IS17Spring2015,F2693,jString4,2015-02-10 18:47:52.396,variables2_v2,P::GLOBAL::COS
dch38,IS17Spring2015,F2693,jString4,2015-02-10 18:47:52.396,substring_v2,P::GLOBAL::COS
dch38,IS17Spring2015,F2693,jString4,2015-02-10 18:47:52.396,string_length_v2,P::LOCAL::AS
dch38,IS17Spring2015,F2693,jString4,2015-02-10 18:47:52.396,substring_v2,P::LOCAL::AS
dch38,IS17Spring2015,F2693,jString4,2015-02-10 18:47:52.396,CreateString_v2,P::LOCAL::AS
dch38,IS17Spring2015,F2693,jString4,2015-02-10 18:47:52.396,substring_v2,P::LOCAL::COS
dch38,IS17Spring2015,F2693,jString4,2015-02-10 18:47:52.396,string_length_v2,P::LOCAL::COS
dch38,IS17Spring2015,F2693,jString4,2015-02-10 18:47:52.396,substring_v2,P::GLOBAL::AS::GOAL
dch38,IS17Spring2015,57645,jClassBankAccountThis,2015-02-12 10:52:49.928,thisReference,NAIVE::LOCAL
dch38,IS17Spring2015,57645,jClassBankAccountThis,2015-02-12 10:52:49.928,thisReference,GLOBAL::COS
dch38,IS17Spring2015,57645,jClassBankAccountThis,2015-02-12 10:52:49.928,thisReference,P::GLOBAL::AS
dch38,IS17Spring2015,57645,jClassBankAccountThis,2015-02-12 10:52:49.928,thisReference,P::GLOBAL::COS
dch38,IS17Spring2015,57645,jClassBankAccountThis,2015-02-12 10:52:49.928,thisReference,P::LOCAL::AS
dch38,IS17Spring2015,57645,jClassBankAccountThis,2015-02-12 10:52:49.928,thisReference,P::LOCAL::COS
dch38,IS17Spring2015,57645,jClassBankAccountThis,2015-02-12 10:52:49.928,thisReference,P::GLOBAL::AS::GOAL
dch38,IS17Spring2015,57645,jClassBankAccountThis,2015-02-12 10:52:49.928,thisReference,P::GLOBAL::COS::GOAL
dch38,IS17Spring2015,57645,jClassBankAccountThis,2015-02-12 10:52:49.928,thisReference,P::LOCAL::AS::GOAL
dch38,IS17Spring2015,57645,jClassBankAccountThis,2015-02-12 10:52:49.928,thisReference,P::LOCAL::COS::GOAL
rab168,IS17Spring2015,0C46E,jFor2,2015-02-07 20:01:19.475,using_array_v2,GLOBAL::AS
rab168,IS17Spring2015,0C46E,jFor2,2015-02-07 20:01:19.475,using_array_v2,LOCAL::AS
rab168,IS17Spring2015,4D290,j2D_Arrays1,2015-04-12 21:15:30.498,create_2d_array_v2,RANDOM::BASELINE
rab168,IS17Spring2015,4D290,j2D_Arrays1,2015-04-12 21:15:30.498,use_2darray_v2,NAIVE::LOCAL
rab168,IS17Spring2015,4D290,j2D_Arrays1,2015-04-12 21:15:30.498,create_2d_array_v2,NAIVE::LOCAL
rab168,IS17Spring2015,4D290,j2D_Arrays1,2015-04-12 21:15:30.498,array_declaration_v2,NAIVE::LOCAL
rab168,IS17Spring2015,4D290,j2D_Arrays1,2015-04-12 21:15:30.498,JavaTutorial_4_7_5,NAIVE::LOCAL
rab168,IS17Spring2015,4D290,j2D_Arrays1,2015-04-12 21:15:30.498,JavaTutorial_4_7_7,NAIVE::LOCAL
rab168,IS17Spring2015,4D290,j2D_Arrays1,2015-04-12 21:15:30.498,create_2d_array_v2,GLOBAL::AS
rab168,IS17Spring2015,4D290,j2D_Arrays1,2015-04-12 21:15:30.498,use_2darray_v2,GLOBAL::AS
rab168,IS17Spring2015,4D290,j2D_Arrays1,2015-04-12 21:15:30.498,array_declaration_v2,GLOBAL::AS
rab168,IS17Spring2015,4D290,j2D_Arrays1,2015-04-12 21:15:30.498,JavaTutorial_4_7_5,GLOBAL::AS
rab168,IS17Spring2015,4D290,j2D_Arrays1,2015-04-12 21:15:30.498,use_2darray_v2,GLOBAL::COS
rab168,IS17Spring2015,4D290,j2D_Arrays1,2015-04-12 21:15:30.498,create_2d_array_v2,GLOBAL::COS
rab168,IS17Spring2015,4D290,j2D_Arrays1,2015-04-12 21:15:30.498,array_declaration_v2,GLOBAL::COS
rab168,IS17Spring2015,4D290,j2D_Arrays1,2015-04-12 21:15:30.498,JavaTutorial_4_7_5,GLOBAL::COS
rab168,IS17Spring2015,4D290,j2D_Arrays1,2015-04-12 21:15:30.498,JavaTutorial_4_7_7,GLOBAL::COS
rab168,IS17Spring2015,4D290,j2D_Arrays1,2015-04-12 21:15:30.498,create_2d_array_v2,LOCAL::AS
rab168,IS17Spring2015,4D290,j2D_Arrays1,2015-04-12 21:15:30.498,array_declaration_v2,LOCAL::AS
rab168,IS17Spring2015,4D290,j2D_Arrays1,2015-04-12 21:15:30.498,use_2darray_v2,LOCAL::AS
rab168,IS17Spring2015,4D290,j2D_Arrays1,2015-04-12 21:15:30.498,create_2d_array_v2,LOCAL::COS
rab168,IS17Spring2015,4D290,j2D_Arrays1,2015-04-12 21:15:30.498,use_2darray_v2,LOCAL::COS
rab168,IS17Spring2015,4D290,j2D_Arrays1,2015-04-12 21:15:30.498,array_declaration_v2,LOCAL::COS
rab168,IS17Spring2015,4D290,j2D_Arrays1,2015-04-12 21:15:30.498,use_2darray_v2,P::GLOBAL::AS
rab168,IS17Spring2015,4D290,j2D_Arrays1,2015-04-12 21:15:30.498,create_2d_array_v2,P::GLOBAL::AS
rab168,IS17Spring2015,4D290,j2D_Arrays1,2015-04-12 21:15:30.498,array_declaration_v2,P::GLOBAL::AS
rab168,IS17Spring2015,4D290,j2D_Arrays1,2015-04-12 21:15:30.498,JavaTutorial_4_7_5,P::GLOBAL::AS
rab168,IS17Spring2015,4D290,j2D_Arrays1,2015-04-12 21:15:30.498,use_2darray_v2,P::GLOBAL::COS
rab168,IS17Spring2015,4D290,j2D_Arrays1,2015-04-12 21:15:30.498,array_declaration_v2,P::GLOBAL::COS
rab168,IS17Spring2015,4D290,j2D_Arrays1,2015-04-12 21:15:30.498,create_2d_array_v2,P::GLOBAL::COS
rab168,IS17Spring2015,4D290,j2D_Arrays1,2015-04-12 21:15:30.498,JavaTutorial_4_7_5,P::GLOBAL::COS
rab168,IS17Spring2015,4D290,j2D_Arrays1,2015-04-12 21:15:30.498,create_2d_array_v2,P::LOCAL::AS
rab168,IS17Spring2015,4D290,j2D_Arrays1,2015-04-12 21:15:30.498,use_2darray_v2,P::LOCAL::AS
rab168,IS17Spring2015,4D290,j2D_Arrays1,2015-04-12 21:15:30.498,array_declaration_v2,P::LOCAL::AS
rab168,IS17Spring2015,4D290,j2D_Arrays1,2015-04-12 21:15:30.498,use_2darray_v2,P::LOCAL::COS
rab168,IS17Spring2015,4D290,j2D_Arrays1,2015-04-12 21:15:30.498,create_2d_array_v2,P::LOCAL::COS
rab168,IS17Spring2015,4D290,j2D_Arrays1,2015-04-12 21:15:30.498,array_declaration_v2,P::LOCAL::COS
rab168,IS17Spring2015,4D290,j2D_Arrays1,2015-04-12 21:15:30.498,create_2d_array_v2,P::GLOBAL::AS::GOAL
rab168,IS17Spring2015,4D290,j2D_Arrays1,2015-04-12 21:15:30.498,use_2darray_v2,P::GLOBAL::AS::GOAL
rab168,IS17Spring2015,4D290,j2D_Arrays1,2015-04-12 21:15:30.498,JavaTutorial_4_7_7,P::GLOBAL::AS::GOAL
rab168,IS17Spring2015,4D290,j2D_Arrays1,2015-04-12 21:15:30.498,TicTacToe,P::GLOBAL::AS::GOAL
rab168,IS17Spring2015,4D290,j2D_Arrays1,2015-04-12 21:15:30.498,JavaTutorial_4_7_7,P::GLOBAL::COS::GOAL
rab168,IS17Spring2015,4D290,j2D_Arrays1,2015-04-12 21:15:30.498,use_2darray_v2,P::GLOBAL::COS::GOAL
rab168,IS17Spring2015,4D290,j2D_Arrays1,2015-04-12 21:15:30.498,create_2d_array_v2,P::GLOBAL::COS::GOAL
rab168,IS17Spring2015,4D290,j2D_Arrays1,2015-04-12 21:15:30.498,TicTacToe,P::GLOBAL::COS::GOAL
rab168,IS17Spring2015,4D290,j2D_Arrays1,2015-04-12 21:15:30.498,use_2darray_v2,P::LOCAL::AS::GOAL
rab168,IS17Spring2015,4D290,j2D_Arrays1,2015-04-12 21:15:30.498,create_2d_array_v2,P::LOCAL::AS::GOAL
rab168,IS17Spring2015,4D290,j2D_Arrays1,2015-04-12 21:15:30.498,JavaTutorial_4_7_7,P::LOCAL::AS::GOAL
rab168,IS17Spring2015,4D290,j2D_Arrays1,2015-04-12 21:15:30.498,TicTacToe,P::LOCAL::AS::GOAL
rab168,IS17Spring2015,4D290,j2D_Arrays1,2015-04-12 21:15:30.498,use_2darray_v2,P::LOCAL::COS::GOAL
rab168,IS17Spring2015,4D290,j2D_Arrays1,2015-04-12 21:15:30.498,create_2d_array_v2,P::LOCAL::COS::GOAL
rab168,IS17Spring2015,4D290,j2D_Arrays1,2015-04-12 21:15:30.498,JavaTutorial_4_7_7,P::LOCAL::COS::GOAL
rab168,IS17Spring2015,4D290,j2D_Arrays1,2015-04-12 21:15:30.498,TicTacToe,P::LOCAL::COS::GOAL
ars205,IS17Spring2015,07AC3,jBoolean_Operators,2015-02-02 19:10:21.390,JavaTutorial_4_2_2,NAIVE::LOCAL
ars205,IS17Spring2015,07AC3,jBoolean_Operators,2015-02-02 19:10:21.390,JavaTutorial_4_2_2,GLOBAL::AS
ars205,IS17Spring2015,07AC3,jBoolean_Operators,2015-02-02 19:10:21.390,JavaTutorial_4_2_2,GLOBAL::COS
ars205,IS17Spring2015,07AC3,jBoolean_Operators,2015-02-02 19:10:21.390,JavaTutorial_4_2_2,LOCAL::AS
ars205,IS17Spring2015,07AC3,jBoolean_Operators,2015-02-02 19:10:21.390,JavaTutorial_4_2_2,LOCAL::COS
ars205,IS17Spring2015,07AC3,jBoolean_Operators,2015-02-02 19:10:21.390,JavaTutorial_4_2_2,P::LOCAL::AS
ars205,IS17Spring2015,07AC3,jBoolean_Operators,2015-02-02 19:10:21.390,JavaTutorial_4_2_2,P::LOCAL::COS
ars205,IS17Spring2015,07AC3,jBoolean_Operators,2015-02-02 19:10:21.390,JavaTutorial_4_2_2,P::GLOBAL::AS::GOAL
ars205,IS17Spring2015,07AC3,jIfelse1,2015-02-02 19:21:27.093,OperatorExample_v2,GLOBAL::AS
ars205,IS17Spring2015,07AC3,jIfelse1,2015-02-02 19:21:27.093,OperatorExample_v2,GLOBAL::COS
ars205,IS17Spring2015,07AC3,jIfelse1,2015-02-02 19:21:27.093,OperatorExample_v2,LOCAL::COS
ars205,IS17Spring2015,07AC3,jIfelse1,2015-02-02 19:21:27.093,OperatorExample_v2,P::GLOBAL::AS
ars205,IS17Spring2015,07AC3,jIfelse1,2015-02-02 19:21:27.093,OperatorExample_v2,P::GLOBAL::COS
ars205,IS17Spring2015,07AC3,jIfelse1,2015-02-02 19:21:27.093,OperatorExample_v2,P::LOCAL::COS
ars205,IS17Spring2015,07AC3,jIfelse1,2015-02-02 19:22:48.218,OperatorExample_v2,P::GLOBAL::AS
ars205,IS17Spring2015,07AC3,jIfelse1,2015-02-02 19:22:48.218,OperatorExample_v2,P::GLOBAL::COS
ars205,IS17Spring2015,07AC3,jIfelse1,2015-02-02 19:22:48.218,OperatorExample_v2,P::LOCAL::COS
tek29,IS17Spring2015,B13D5,jConstants2,2015-02-05 17:22:30.060,Constants_v2,P::GLOBAL::AS::GOAL
tek29,IS17Spring2015,B13D5,jConstants2,2015-02-05 17:22:30.060,Constants_v2,P::LOCAL::AS::GOAL
tek29,IS17Spring2015,B13D5,jConstants2,2015-02-05 17:22:30.060,Constants_v2,P::LOCAL::COS::GOAL
tek29,IS17Spring2015,B13D5,jVariable1,2015-02-05 17:23:31.667,JavaTutorial_4_6_9,GLOBAL::COS
tek29,IS17Spring2015,B13D5,jVariable1,2015-02-05 17:24:41.541,JavaTutorial_4_6_9,NAIVE::LOCAL
tek29,IS17Spring2015,B13D5,jVariable1,2015-02-05 17:24:41.541,JavaTutorial_4_6_9,GLOBAL::COS
tek29,IS17Spring2015,B13D5,jVariable1,2015-02-05 17:24:41.541,JavaTutorial_4_6_6,GLOBAL::COS
tek29,IS17Spring2015,B13D5,jVariable1,2015-02-05 17:24:41.541,JavaTutorial_4_6_9,P::GLOBAL::AS::GOAL
tek29,IS17Spring2015,B13D5,jVariable1,2015-02-05 17:24:41.541,JavaTutorial_4_6_6,P::LOCAL::COS::GOAL
tek29,IS17Spring2015,B13D5,jOperator1,2015-02-05 17:26:42.584,OperatorExample_v2,NAIVE::LOCAL
tek29,IS17Spring2015,B13D5,jOperator1,2015-02-05 17:26:42.584,OperatorExample_v2,GLOBAL::AS
tek29,IS17Spring2015,B13D5,jOperator1,2015-02-05 17:26:42.584,OperatorExample_v2,GLOBAL::COS
tek29,IS17Spring2015,B13D5,jOperator1,2015-02-05 17:26:42.584,OperatorExample_v2,LOCAL::AS
tek29,IS17Spring2015,B13D5,jOperator1,2015-02-05 17:26:42.584,OperatorExample_v2,LOCAL::COS
tek29,IS17Spring2015,B13D5,jOperator1,2015-02-05 17:26:42.584,OperatorExample_v2,P::GLOBAL::AS
tek29,IS17Spring2015,B13D5,jOperator1,2015-02-05 17:26:42.584,OperatorExample_v2,P::LOCAL::AS
tek29,IS17Spring2015,B13D5,jOperator1,2015-02-05 17:26:42.584,OperatorExample_v2,P::LOCAL::COS
tek29,IS17Spring2015,B13D5,jOperator1,2015-02-05 17:26:42.584,OperatorExample_v2,P::GLOBAL::AS::GOAL
tek29,IS17Spring2015,B13D5,jOperator1,2015-02-05 17:26:42.584,OperatorExample_v2,P::LOCAL::AS::GOAL
tek29,IS17Spring2015,B13D5,jOperator1,2015-02-05 17:26:42.584,OperatorExample_v2,P::LOCAL::COS::GOAL
tek29,IS17Spring2015,E3D1F,jFor1,2015-03-02 18:39:06.975,JavaTutorial_4_6_6,NAIVE::LOCAL
tek29,IS17Spring2015,E3D1F,jFor1,2015-03-02 18:39:06.975,JavaTutorial_4_6_9,GLOBAL::AS
tek29,IS17Spring2015,E3D1F,jFor1,2015-03-02 18:39:06.975,using_array_v2,GLOBAL::AS
tek29,IS17Spring2015,E3D1F,jFor1,2015-03-02 18:39:06.975,JavaTutorial_4_6_6,GLOBAL::AS
tek29,IS17Spring2015,E3D1F,jFor1,2015-03-02 18:39:06.975,JavaTutorial_4_6_9,GLOBAL::COS
tek29,IS17Spring2015,E3D1F,jFor1,2015-03-02 18:39:06.975,using_array_v2,P::GLOBAL::AS
tek29,IS17Spring2015,E3D1F,jFor1,2015-03-02 18:39:06.975,JavaTutorial_4_6_9,P::GLOBAL::AS
tek29,IS17Spring2015,E3D1F,jFor1,2015-03-02 18:39:06.975,using_array_v2,P::GLOBAL::COS
tek29,IS17Spring2015,E3D1F,jFor1,2015-03-02 18:39:06.975,JavaTutorial_4_6_9,P::GLOBAL::COS
tek29,IS17Spring2015,E3D1F,jFor1,2015-03-02 18:39:06.975,JavaTutorial_4_6_9,P::LOCAL::COS
tek29,IS17Spring2015,E3D1F,jFor1,2015-03-02 18:39:06.975,JavaTutorial_4_6_9,P::GLOBAL::AS::GOAL
tek29,IS17Spring2015,E3D1F,jFor1,2015-03-02 18:39:06.975,JavaTutorial_4_6_6,P::GLOBAL::AS::GOAL
tek29,IS17Spring2015,E3D1F,jFor1,2015-03-02 18:39:06.975,using_array_v2,P::GLOBAL::AS::GOAL
ccs54,IS17Spring2015,64131,jDouble1,2015-03-02 20:07:20.084,TypeCasting_v2,NAIVE::LOCAL
ccs54,IS17Spring2015,64131,jDouble1,2015-03-02 20:07:20.084,TypeCasting_v2,GLOBAL::AS
ccs54,IS17Spring2015,64131,jDouble1,2015-03-02 20:07:20.084,TypeCasting_v2,LOCAL::AS
ccs54,IS17Spring2015,64131,jDouble1,2015-03-02 20:07:20.084,TypeCasting_v2,LOCAL::COS
ccs54,IS17Spring2015,64131,jDouble1,2015-03-02 20:07:20.084,TypeCasting_v2,P::LOCAL::AS
ccs54,IS17Spring2015,64131,jDouble1,2015-03-02 20:07:20.084,TypeCasting_v2,P::LOCAL::AS::GOAL
lax5,IS17Spring2015,99FC0,jStringReplace,2015-01-19 23:40:11.921,substring_v2,RANDOM::BASELINE
lax5,IS17Spring2015,99FC0,jStringReplace,2015-01-19 23:40:11.921,string_length_v2,GLOBAL::COS
lax5,IS17Spring2015,99FC0,jStringReplace,2015-01-19 23:40:11.921,substring_v2,LOCAL::AS
lax5,IS17Spring2015,99FC0,jStringReplace,2015-01-19 23:40:11.921,CreateString_v2,LOCAL::COS
lax5,IS17Spring2015,99FC0,jStringReplace,2015-01-19 23:40:11.921,string_length_v2,P::GLOBAL::COS
lax5,IS17Spring2015,99FC0,jStringReplace,2015-01-19 23:40:11.921,substring_v2,P::LOCAL::AS
lax5,IS17Spring2015,99FC0,jStringReplace,2015-01-19 23:40:11.921,string_length_v2,P::GLOBAL::AS::GOAL
lax5,IS17Spring2015,99FC0,jStringReplace,2015-01-19 23:40:11.921,string_length_v2,P::GLOBAL::COS::GOAL
lax5,IS17Spring2015,D5D74,jSwitch3,2015-01-20 10:54:38.890,JavaTutorial_4_3_5,NAIVE::LOCAL
lax5,IS17Spring2015,D5D74,jSwitch3,2015-01-20 10:54:38.890,JavaTutorial_4_3_2,NAIVE::LOCAL
lax5,IS17Spring2015,D5D74,jSwitch3,2015-01-20 10:54:38.890,JavaTutorial_4_3_2,GLOBAL::AS
lax5,IS17Spring2015,D5D74,jSwitch3,2015-01-20 10:54:38.890,JavaTutorial_4_3_5,GLOBAL::AS
lax5,IS17Spring2015,D5D74,jSwitch3,2015-01-20 10:54:38.890,JavaTutorial_4_3_2,GLOBAL::COS
lax5,IS17Spring2015,D5D74,jSwitch3,2015-01-20 10:54:38.890,JavaTutorial_4_3_5,LOCAL::AS
lax5,IS17Spring2015,D5D74,jSwitch3,2015-01-20 10:54:38.890,JavaTutorial_4_3_5,LOCAL::COS
lax5,IS17Spring2015,D5D74,jSwitch3,2015-01-20 10:54:38.890,JavaTutorial_4_3_2,P::GLOBAL::AS
lax5,IS17Spring2015,D5D74,jSwitch3,2015-01-20 10:54:38.890,JavaTutorial_4_3_5,P::GLOBAL::AS
lax5,IS17Spring2015,D5D74,jSwitch3,2015-01-20 10:54:38.890,JavaTutorial_4_3_2,P::GLOBAL::COS
lax5,IS17Spring2015,D5D74,jSwitch3,2015-01-20 10:54:38.890,JavaTutorial_4_3_5,P::GLOBAL::COS
lax5,IS17Spring2015,D5D74,jSwitch3,2015-01-20 10:54:38.890,JavaTutorial_4_3_5,P::LOCAL::AS
lax5,IS17Spring2015,D5D74,jSwitch3,2015-01-20 10:54:38.890,JavaTutorial_4_3_2,P::LOCAL::AS
lax5,IS17Spring2015,D5D74,jSwitch3,2015-01-20 10:54:38.890,JavaTutorial_4_3_5,P::LOCAL::COS
lax5,IS17Spring2015,D5D74,jSwitch3,2015-01-20 10:54:38.890,JavaTutorial_4_3_2,P::GLOBAL::AS::GOAL
lax5,IS17Spring2015,D5D74,jSwitch3,2015-01-20 10:54:38.890,JavaTutorial_4_3_5,P::GLOBAL::AS::GOAL
lax5,IS17Spring2015,D5D74,jSwitch3,2015-01-20 10:54:38.890,JavaTutorial_4_3_2,P::GLOBAL::COS::GOAL
lax5,IS17Spring2015,D5D74,jSwitch3,2015-01-20 10:54:38.890,JavaTutorial_4_3_5,P::LOCAL::AS::GOAL
lax5,IS17Spring2015,D5D74,jSwitch3,2015-01-20 10:54:38.890,JavaTutorial_4_3_5,P::LOCAL::COS::GOAL
lax5,IS17Spring2015,D5D74,jSwitch3,2015-01-20 10:54:38.890,JavaTutorial_4_3_2,P::LOCAL::COS::GOAL
yuw62,IS17Spring2015,B4371,jVariables5,2015-01-24 15:28:38.734,substring_v2,P::GLOBAL::COS::GOAL
yuw62,IS17Spring2015,5F8FF,jConstants2,2015-02-13 13:55:11.521,Constants_v2,NAIVE::LOCAL
yuw62,IS17Spring2015,5F8FF,jConstants2,2015-02-13 13:55:11.521,Constants_v2,GLOBAL::AS
yuw62,IS17Spring2015,5F8FF,jConstants2,2015-02-13 13:55:11.521,Constants_v2,GLOBAL::COS
yuw62,IS17Spring2015,5F8FF,jConstants2,2015-02-13 13:55:11.521,Constants_v2,P::GLOBAL::AS
yuw62,IS17Spring2015,5F8FF,jConstants2,2015-02-13 13:55:11.521,Constants_v2,P::GLOBAL::COS
yuw62,IS17Spring2015,5F8FF,jConstants2,2015-02-13 13:55:11.521,variables2_v2,P::LOCAL::COS
yuw62,IS17Spring2015,5F8FF,jConstants2,2015-02-13 13:55:11.521,Constants_v2,P::GLOBAL::AS::GOAL
yuw62,IS17Spring2015,5F8FF,jConstants2,2015-02-13 13:55:11.521,Constants_v2,P::GLOBAL::COS::GOAL
yuw62,IS17Spring2015,5F8FF,jConstants2,2015-02-13 13:55:11.521,Constants_v2,P::LOCAL::AS::GOAL
yuw62,IS17Spring2015,5F8FF,jConstants2,2015-02-13 13:55:11.521,Constants_v2,P::LOCAL::COS::GOAL
yuw62,IS17Spring2015,5F8FF,jMathFuc1,2015-02-13 14:12:32.553,MathFunction_v2,NAIVE::LOCAL
yuw62,IS17Spring2015,5F8FF,jMathFuc1,2015-02-13 14:12:32.553,MathFunction_v2,GLOBAL::COS
yuw62,IS17Spring2015,5F8FF,jMathFuc1,2015-02-13 14:12:32.553,MathFunction_v2,P::GLOBAL::AS::GOAL
yuw62,IS17Spring2015,5F8FF,jMathFuc1,2015-02-13 14:12:32.553,MathFunction_v2,P::GLOBAL::COS::GOAL
yuw62,IS17Spring2015,5F8FF,jMathFuc1,2015-02-13 14:12:32.553,MathFunction_v2,P::LOCAL::AS::GOAL
yuw62,IS17Spring2015,5F8FF,jMathFuc1,2015-02-13 14:12:32.553,MathFunction_v2,P::LOCAL::COS::GOAL
yuw62,IS17Spring2015,5F8FF,jNested2,2015-02-13 23:02:50.709,JavaTutorial_4_6_14,NAIVE::LOCAL
yuw62,IS17Spring2015,5F8FF,jNested2,2015-02-13 23:02:50.709,nested_loops_v2,NAIVE::LOCAL
yuw62,IS17Spring2015,5F8FF,jNested2,2015-02-13 23:02:50.709,nested_loops_v2,GLOBAL::AS
yuw62,IS17Spring2015,5F8FF,jNested2,2015-02-13 23:02:50.709,JavaTutorial_4_6_14,GLOBAL::COS
yuw62,IS17Spring2015,5F8FF,jNested2,2015-02-13 23:02:50.709,nested_loops_v2,GLOBAL::COS
yuw62,IS17Spring2015,5F8FF,jNested2,2015-02-13 23:02:50.709,nested_loops_v2,P::GLOBAL::AS
yuw62,IS17Spring2015,5F8FF,jNested2,2015-02-13 23:02:50.709,nested_loops2_v2,P::GLOBAL::AS
yuw62,IS17Spring2015,5F8FF,jNested2,2015-02-13 23:02:50.709,nested_loops_v2,P::GLOBAL::COS
yuw62,IS17Spring2015,5F8FF,jNested2,2015-02-13 23:02:50.709,nested_loops2_v2,P::GLOBAL::COS
yuw62,IS17Spring2015,5F8FF,jNested2,2015-02-13 23:02:50.709,nested_loops_v2,P::GLOBAL::AS::GOAL
yuw62,IS17Spring2015,5F8FF,jNested2,2015-02-13 23:02:50.709,nested_loops2_v2,P::GLOBAL::AS::GOAL
yuw62,IS17Spring2015,5F8FF,jNested2,2015-02-13 23:02:50.709,nested_loops2_v2,P::GLOBAL::COS::GOAL
yuw62,IS17Spring2015,5F8FF,jNested2,2015-02-13 23:02:50.709,nested_loops_v2,P::GLOBAL::COS::GOAL
yuw62,IS17Spring2015,5F8FF,jNested2,2015-02-13 23:02:50.709,nested_loops_v2,P::LOCAL::AS::GOAL
yuw62,IS17Spring2015,5F8FF,jNested2,2015-02-13 23:02:50.709,nested_loops2_v2,P::LOCAL::AS::GOAL
yuw62,IS17Spring2015,5F8FF,jNested2,2015-02-13 23:02:50.709,JavaTutorial_4_6_14,P::LOCAL::AS::GOAL
yuw62,IS17Spring2015,5F8FF,jNested2,2015-02-13 23:02:50.709,nested_loops2_v2,P::LOCAL::COS::GOAL
yuw62,IS17Spring2015,5F8FF,jNested2,2015-02-13 23:02:50.709,nested_loops_v2,P::LOCAL::COS::GOAL
eep27,IS17Spring2015,412DC,jFor1,2015-02-04 13:56:30.890,JavaTutorial_4_6_6,NAIVE::LOCAL
eep27,IS17Spring2015,412DC,jFor1,2015-02-04 13:56:30.890,JavaTutorial_4_6_7,NAIVE::LOCAL
eep27,IS17Spring2015,412DC,jFor1,2015-02-04 13:56:30.890,JavaTutorial_4_6_9,NAIVE::LOCAL
eep27,IS17Spring2015,412DC,jFor1,2015-02-04 13:56:30.890,JavaTutorial_4_6_9,GLOBAL::AS
eep27,IS17Spring2015,412DC,jFor1,2015-02-04 13:56:30.890,JavaTutorial_4_6_6,GLOBAL::AS
eep27,IS17Spring2015,412DC,jFor1,2015-02-04 13:56:30.890,JavaTutorial_4_6_7,GLOBAL::AS
eep27,IS17Spring2015,412DC,jFor1,2015-02-04 13:56:30.890,JavaTutorial_4_6_9,GLOBAL::COS
eep27,IS17Spring2015,412DC,jFor1,2015-02-04 13:56:30.890,JavaTutorial_4_6_7,GLOBAL::COS
eep27,IS17Spring2015,412DC,jFor1,2015-02-04 13:56:30.890,for1_v2,GLOBAL::COS
eep27,IS17Spring2015,412DC,jFor1,2015-02-04 13:56:30.890,JavaTutorial_4_6_6,GLOBAL::COS
eep27,IS17Spring2015,412DC,jFor1,2015-02-04 13:56:30.890,JavaTutorial_4_6_7,LOCAL::AS
eep27,IS17Spring2015,412DC,jFor1,2015-02-04 13:56:30.890,JavaTutorial_4_6_7,P::GLOBAL::AS
eep27,IS17Spring2015,412DC,jFor1,2015-02-04 13:56:30.890,JavaTutorial_4_6_9,P::GLOBAL::AS
eep27,IS17Spring2015,412DC,jFor1,2015-02-04 13:56:30.890,JavaTutorial_4_6_7,P::GLOBAL::COS
eep27,IS17Spring2015,412DC,jFor1,2015-02-04 13:56:30.890,JavaTutorial_4_6_7,P::LOCAL::AS
eep27,IS17Spring2015,412DC,jFor1,2015-02-04 13:56:30.890,JavaTutorial_4_6_9,P::LOCAL::COS
eep27,IS17Spring2015,412DC,jFor1,2015-02-04 13:56:30.890,JavaTutorial_4_6_7,P::GLOBAL::AS::GOAL
eep27,IS17Spring2015,412DC,jFor1,2015-02-04 13:56:30.890,for1_v2,P::GLOBAL::AS::GOAL
eep27,IS17Spring2015,412DC,jFor1,2015-02-04 13:56:30.890,JavaTutorial_4_6_9,P::GLOBAL::AS::GOAL
eep27,IS17Spring2015,412DC,jFor1,2015-02-04 13:56:30.890,JavaTutorial_4_6_8,P::GLOBAL::AS::GOAL
eep27,IS17Spring2015,412DC,jFor1,2015-02-04 13:56:30.890,JavaTutorial_4_6_5,P::GLOBAL::AS::GOAL
eep27,IS17Spring2015,412DC,jFor1,2015-02-04 13:56:30.890,JavaTutorial_4_6_6,P::GLOBAL::AS::GOAL
eep27,IS17Spring2015,412DC,jFor1,2015-02-04 13:56:30.890,JavaTutorial_4_6_7,P::LOCAL::AS::GOAL
eep27,IS17Spring2015,412DC,jFor1,2015-02-04 13:56:30.890,for1_v2,P::LOCAL::AS::GOAL
eep27,IS17Spring2015,412DC,jFor1,2015-02-04 13:56:30.890,JavaTutorial_4_6_5,P::LOCAL::AS::GOAL
eep27,IS17Spring2015,412DC,jFor1,2015-02-04 13:56:30.890,JavaTutorial_4_6_8,P::LOCAL::AS::GOAL
eep27,IS17Spring2015,412DC,jFor1,2015-02-04 13:56:30.890,JavaTutorial_4_6_8,P::LOCAL::COS::GOAL
eep27,IS17Spring2015,412DC,jFor1,2015-02-04 13:56:30.890,JavaTutorial_4_6_7,P::LOCAL::COS::GOAL
eep27,IS17Spring2015,412DC,jFor1,2015-02-04 13:56:30.890,for1_v2,P::LOCAL::COS::GOAL
eep27,IS17Spring2015,412DC,jFor1,2015-02-04 13:56:30.890,JavaTutorial_4_6_5,P::LOCAL::COS::GOAL
tlc81,IS17Spring2015,71923,jString1,2015-01-19 19:42:00.859,substring_v2,NAIVE::LOCAL
tlc81,IS17Spring2015,71923,jString1,2015-01-19 19:42:00.859,CreateString_v2,NAIVE::LOCAL
tlc81,IS17Spring2015,71923,jString1,2015-01-19 19:42:00.859,substring_v2,GLOBAL::AS
tlc81,IS17Spring2015,71923,jString1,2015-01-19 19:42:00.859,substring_v2,GLOBAL::COS
tlc81,IS17Spring2015,71923,jString1,2015-01-19 19:42:00.859,HelloWorld2_v2,GLOBAL::COS
tlc81,IS17Spring2015,71923,jString1,2015-01-19 19:42:00.859,substring_v2,LOCAL::AS
tlc81,IS17Spring2015,71923,jString1,2015-01-19 19:42:00.859,string_length_v2,LOCAL::AS
tlc81,IS17Spring2015,71923,jString1,2015-01-19 19:42:00.859,CreateString_v2,LOCAL::COS
tlc81,IS17Spring2015,71923,jString1,2015-01-19 19:42:00.859,substring_v2,LOCAL::COS
tlc81,IS17Spring2015,71923,jString1,2015-01-19 19:42:00.859,substring_v2,P::GLOBAL::AS
tlc81,IS17Spring2015,71923,jString1,2015-01-19 19:42:00.859,substring_v2,P::LOCAL::AS
tlc81,IS17Spring2015,71923,jString1,2015-01-19 19:42:00.859,substring_v2,P::LOCAL::COS
tlc81,IS17Spring2015,71923,jString1,2015-01-19 19:42:00.859,substring_v2,P::GLOBAL::AS::GOAL
tlc81,IS17Spring2015,71923,jString1,2015-01-19 19:42:00.859,substring_v2,P::LOCAL::AS::GOAL
tlc81,IS17Spring2015,71923,jString1,2015-01-19 19:42:00.859,substring_v2,P::LOCAL::COS::GOAL
tlc81,IS17Spring2015,71923,jString_to_Double,2015-01-19 20:15:57.796,HelloWorld2_v2,GLOBAL::AS
tlc81,IS17Spring2015,71923,jString_to_Double,2015-01-19 20:15:57.796,HelloWorld2_v2,GLOBAL::COS
tlc81,IS17Spring2015,DF7EF,jBoolean_Method,2015-01-21 22:07:49.328,CreateString_v2,P::GLOBAL::AS
tlc81,IS17Spring2015,DF7EF,jBoolean_Method,2015-01-21 22:07:49.328,CreateString_v2,P::GLOBAL::COS
chw120,IS17Fall20142,3E77D,jConstants1,2014-09-08 13:50:51.601,Constants_v2,NAIVE::LOCAL
chw120,IS17Fall20142,3E77D,jConstants1,2014-09-08 13:50:51.601,Constants_v2,GLOBAL::AS
chw120,IS17Fall20142,3E77D,jConstants1,2014-09-08 13:50:51.601,Constants_v2,GLOBAL::COS
chw120,IS17Fall20142,3E77D,jConstants1,2014-09-08 13:50:51.601,Constants_v2,LOCAL::AS
chw120,IS17Fall20142,3E77D,jConstants1,2014-09-08 13:50:51.601,Constants_v2,LOCAL::COS
chw120,IS17Fall20142,3E77D,jConstants1,2014-09-08 13:50:51.601,Constants_v2,P::GLOBAL::AS
chw120,IS17Fall20142,3E77D,jConstants1,2014-09-08 13:50:51.601,Constants_v2,P::GLOBAL::COS
chw120,IS17Fall20142,3E77D,jConstants1,2014-09-08 13:50:51.601,Constants_v2,P::LOCAL::AS
chw120,IS17Fall20142,3E77D,jConstants1,2014-09-08 13:50:51.601,Constants_v2,P::LOCAL::COS
chw120,IS17Fall20142,3E77D,jConstants1,2014-09-08 13:50:51.601,Constants_v2,P::GLOBAL::AS::GOAL
chw120,IS17Fall20142,3E77D,jConstants1,2014-09-08 13:50:51.601,Constants_v2,P::LOCAL::AS::GOAL
chw120,IS17Fall20142,3E77D,jConstants1,2014-09-08 13:50:51.601,Constants_v2,P::LOCAL::COS::GOAL
chw120,IS17Fall20142,9DFDD,jWhile5,2014-10-09 15:51:51.611,JavaTutorial_4_4_3,P::GLOBAL::AS::GOAL
chw120,IS17Fall20142,9DFDD,jWhile5,2014-10-09 15:51:51.611,while_v2,P::GLOBAL::AS::GOAL
chw120,IS17Fall20142,9DFDD,jWhile5,2014-10-09 15:51:51.611,while_v2,P::GLOBAL::COS::GOAL
chw120,IS17Fall20142,9DFDD,jWhile5,2014-10-09 15:51:51.611,JavaTutorial_4_4_3,P::LOCAL::AS::GOAL
chw120,IS17Fall20142,9DFDD,jWhile5,2014-10-09 15:51:51.611,while_v2,P::LOCAL::AS::GOAL
chw120,IS17Fall20142,9DFDD,jWhile5,2014-10-09 15:51:51.611,while_v2,P::LOCAL::COS::GOAL
chw120,IS17Fall20142,9DFDD,jWhile5,2014-10-09 15:51:51.611,JavaTutorial_4_4_3,P::LOCAL::COS::GOAL
chw120,IS17Fall20142,9DFDD,jDowhile8,2014-10-09 17:19:21.798,do_while_v2,P::LOCAL::AS::GOAL
chw120,IS17Fall20142,9DFDD,jDowhile8,2014-10-09 17:19:21.798,do_while_v2,P::LOCAL::COS::GOAL
chw120,IS17Fall20142,9DFDD,jNested3,2014-10-09 17:57:22.845,nested_loops_v2,P::GLOBAL::AS::GOAL
chw120,IS17Fall20142,9DFDD,jNested3,2014-10-09 17:57:22.845,nested_loops_v2,P::LOCAL::AS::GOAL
fay19,IS17Fall20142,65D31,jSwitch2,2014-09-24 15:54:39.975,JavaTutorial_4_3_2,NAIVE::LOCAL
fay19,IS17Fall20142,65D31,jSwitch2,2014-09-24 15:54:39.975,JavaTutorial_4_3_2,GLOBAL::AS
fay19,IS17Fall20142,65D31,jSwitch2,2014-09-24 15:54:39.975,JavaTutorial_4_3_2,P::GLOBAL::AS::GOAL
jix59,IS17Fall20142,0701F,jObjects3,2014-09-18 15:46:22.960,CreateObjectDemo_v2,NAIVE::LOCAL
jix59,IS17Fall20142,0701F,jObjects3,2014-09-18 15:46:22.960,CreateObjectDemo_v2,GLOBAL::AS
jix59,IS17Fall20142,0701F,jObjects3,2014-09-18 15:46:22.960,CreateObjectDemo_v2,LOCAL::COS
jix59,IS17Fall20142,0701F,jObjects3,2014-09-18 15:46:22.960,CreateObjectDemo_v2,P::LOCAL::AS::GOAL
jix59,IS17Fall20142,0701F,jObjects3,2014-09-18 15:46:22.960,CreateObjectDemo_v2,P::LOCAL::COS::GOAL
jix59,IS17Fall20142,93DE1,jInterfaces3,2014-09-24 19:44:34.538,override_v2,P::LOCAL::AS
jix59,IS17Fall20142,93DE1,jInterfaces3,2014-09-24 19:44:34.538,override_v2,P::LOCAL::COS
sev52,IS17Fall20142,2924B,jConstants5,2014-09-24 15:22:22.350,MathFunction_v2,LOCAL::AS
sev52,IS17Fall20142,BCAFF,jConstants5,2014-10-14 11:16:59.298,decisions1_v2,RANDOM::BASELINE
sev52,IS17Fall20142,BCAFF,jConstants5,2014-10-14 11:16:59.298,JavaTutorial_4_2_5,RANDOM::BASELINE
sev52,IS17Fall20142,BCAFF,jConstants5,2014-10-14 11:16:59.298,JavaTutorial_4_2_6,RANDOM::BASELINE
sev52,IS17Fall20142,BCAFF,jConstants5,2014-10-14 11:16:59.298,switch_v2,RANDOM::BASELINE
sev52,IS17Fall20142,BCAFF,jConstants5,2014-10-14 11:16:59.298,JavaTutorial_4_2_2,RANDOM::BASELINE
sev52,IS17Fall20142,BCAFF,jConstants5,2014-10-14 11:16:59.298,JavaTutorial_4_3_6,P::GLOBAL::AS::GOAL
sev52,IS17Fall20142,BCAFF,jConstants5,2014-10-14 11:16:59.298,string_comparison_v2,P::GLOBAL::AS::GOAL
sev52,IS17Fall20142,BCAFF,jConstants5,2014-10-14 11:16:59.298,JavaTutorial_4_3_6,P::GLOBAL::COS::GOAL
sev52,IS17Fall20142,BCAFF,jConstants5,2014-10-14 11:16:59.298,string_comparison_v2,P::GLOBAL::COS::GOAL
sev52,IS17Fall20142,BCAFF,jConstants5,2014-10-14 11:16:59.298,JavaTutorial_4_3_6,P::LOCAL::AS::GOAL
sev52,IS17Fall20142,BCAFF,jConstants5,2014-10-14 11:16:59.298,string_comparison_v2,P::LOCAL::AS::GOAL
sev52,IS17Fall20142,BCAFF,jConstants5,2014-10-14 11:16:59.298,JavaTutorial_4_3_6,P::LOCAL::COS::GOAL
sev52,IS17Fall20142,BCAFF,jConstants5,2014-10-14 11:16:59.298,string_comparison_v2,P::LOCAL::COS::GOAL
sev52,IS17Fall20142,82BEB,j2D_Arrays1,2014-11-06 14:55:44.280,use_2darray_v2,P::LOCAL::AS::GOAL
sev52,IS17Fall20142,82BEB,j2D_Arrays1,2014-11-06 14:55:44.280,use_2darray_v2,P::LOCAL::COS::GOAL
zhl91,IS17Fall20142,256F0,jVariable1,2014-09-05 23:08:46.257,substring_v2,P::GLOBAL::COS
shl103,IS17Fall20142,0EBA5,jMathFuc1,2014-10-05 01:22:04.953,MathFunction_v2,NAIVE::LOCAL
shl103,IS17Fall20142,0EBA5,jMathFuc1,2014-10-05 01:22:04.953,MathFunction_v2,GLOBAL::COS
shl103,IS17Fall20142,0EBA5,jMathFuc1,2014-10-05 01:22:04.953,MathFunction_v2,LOCAL::AS
shl103,IS17Fall20142,0EBA5,jMathFuc1,2014-10-05 01:22:04.953,MathFunction_v2,P::GLOBAL::AS::GOAL
shl103,IS17Fall20142,0EBA5,jMathFuc1,2014-10-05 01:22:04.953,MathFunction_v2,P::GLOBAL::COS::GOAL
shl103,IS17Fall20142,0EBA5,jMathFuc1,2014-10-05 01:22:04.953,MathFunction_v2,P::LOCAL::AS::GOAL
shl103,IS17Fall20142,0EBA5,jMathFuc1,2014-10-05 01:22:04.953,MathFunction_v2,P::LOCAL::COS::GOAL
yil125,IS17Fall20142,EE069,jDouble1,2014-09-21 19:05:15.725,PrimitiveDataTypes_v2,RANDOM::BASELINE
yil125,IS17Fall20142,EE069,jDouble1,2014-09-21 19:05:15.725,TypeCasting_v2,NAIVE::LOCAL
yil125,IS17Fall20142,EE069,jDouble1,2014-09-21 19:05:15.725,TypeCasting_v2,GLOBAL::AS
yil125,IS17Fall20142,EE069,jDouble1,2014-09-21 19:05:15.725,TypeCasting_v2,GLOBAL::COS
yil125,IS17Fall20142,EE069,jDouble1,2014-09-21 19:05:15.725,TypeCasting_v2,LOCAL::AS
yil125,IS17Fall20142,EE069,jDouble1,2014-09-21 19:05:15.725,TypeCasting_v2,LOCAL::COS
yil125,IS17Fall20142,EE069,jDouble1,2014-09-21 19:05:15.725,TypeCasting_v2,P::LOCAL::AS
yil125,IS17Fall20142,EE069,jDouble1,2014-09-21 19:05:15.725,TypeCasting_v2,P::GLOBAL::AS::GOAL
yil125,IS17Fall20142,EE069,jDouble1,2014-09-21 19:05:15.725,TypeCasting_v2,P::LOCAL::AS::GOAL
yil125,IS17Fall20142,EE069,jDouble1,2014-09-21 19:05:15.725,TypeCasting_v2,P::LOCAL::COS::GOAL
jej48,IS17Fall20141,C48F5,jWhile5,2014-09-24 14:17:49.194,JavaTutorial_4_6_6,P::GLOBAL::AS
jej48,IS17Fall20141,C48F5,jWhile5,2014-09-24 14:17:49.194,JavaTutorial_4_6_6,P::GLOBAL::COS
jej48,IS17Fall20141,C48F5,jWhile5,2014-09-24 14:17:49.194,JavaTutorial_4_6_9,P::GLOBAL::COS
lel74,IS17Fall20141,852AD,jVariable1,2014-09-10 10:34:29.945,OperatorExample_v2,GLOBAL::AS
lel74,IS17Fall20141,852AD,jVariable1,2014-09-10 10:34:29.945,OperatorExample_v2,P::GLOBAL::AS
sra30,IS17Fall20141,E5452,jString1,2014-09-25 19:16:59.000,substring_v2,NAIVE::LOCAL
sra30,IS17Fall20141,E5452,jString1,2014-09-25 19:16:59.000,CreateString_v2,NAIVE::LOCAL
sra30,IS17Fall20141,E5452,jString1,2014-09-25 19:16:59.000,substring_v2,GLOBAL::AS
sra30,IS17Fall20141,E5452,jString1,2014-09-25 19:16:59.000,substring_v2,GLOBAL::COS
sra30,IS17Fall20141,E5452,jString1,2014-09-25 19:16:59.000,substring_v2,LOCAL::AS
sra30,IS17Fall20141,E5452,jString1,2014-09-25 19:16:59.000,string_length_v2,LOCAL::AS
sra30,IS17Fall20141,E5452,jString1,2014-09-25 19:16:59.000,CreateString_v2,LOCAL::COS
sra30,IS17Fall20141,E5452,jString1,2014-09-25 19:16:59.000,substring_v2,LOCAL::COS
sra30,IS17Fall20141,E5452,jString1,2014-09-25 19:16:59.000,substring_v2,P::GLOBAL::AS
sra30,IS17Fall20141,E5452,jString1,2014-09-25 19:16:59.000,string_length_v2,P::GLOBAL::AS
sra30,IS17Fall20141,E5452,jString1,2014-09-25 19:16:59.000,substring_v2,P::GLOBAL::COS
sra30,IS17Fall20141,E5452,jString1,2014-09-25 19:16:59.000,string_length_v2,P::GLOBAL::COS
sra30,IS17Fall20141,E5452,jString1,2014-09-25 19:16:59.000,substring_v2,P::LOCAL::AS
sra30,IS17Fall20141,E5452,jString1,2014-09-25 19:16:59.000,string_length_v2,P::LOCAL::AS
sra30,IS17Fall20141,E5452,jString1,2014-09-25 19:16:59.000,CreateString_v2,P::LOCAL::AS
sra30,IS17Fall20141,E5452,jString1,2014-09-25 19:16:59.000,substring_v2,P::LOCAL::COS
sra30,IS17Fall20141,E5452,jString1,2014-09-25 19:16:59.000,CreateString_v2,P::LOCAL::COS
sra30,IS17Fall20141,E5452,jString1,2014-09-25 19:16:59.000,string_length_v2,P::LOCAL::COS
sra30,IS17Fall20141,E5452,jString1,2014-09-25 19:16:59.000,substring_v2,P::GLOBAL::AS::GOAL
sra30,IS17Fall20141,E5452,jString1,2014-09-25 19:16:59.000,substring_v2,P::GLOBAL::COS::GOAL
sra30,IS17Fall20141,E5452,jString1,2014-09-25 19:16:59.000,substring_v2,P::LOCAL::AS::GOAL
sra30,IS17Fall20141,E5452,jString1,2014-09-25 19:16:59.000,substring_v2,P::LOCAL::COS::GOAL
sra30,IS17Fall20141,E5452,jSwitch3,2014-09-25 19:46:20.366,JavaTutorial_4_3_5,NAIVE::LOCAL
sra30,IS17Fall20141,E5452,jSwitch3,2014-09-25 19:46:20.366,JavaTutorial_4_3_2,NAIVE::LOCAL
sra30,IS17Fall20141,E5452,jSwitch3,2014-09-25 19:46:20.366,JavaTutorial_4_3_4,NAIVE::LOCAL
sra30,IS17Fall20141,E5452,jSwitch3,2014-09-25 19:46:20.366,JavaTutorial_4_3_6,NAIVE::LOCAL
sra30,IS17Fall20141,E5452,jSwitch3,2014-09-25 19:46:20.366,JavaTutorial_4_3_2,GLOBAL::AS
sra30,IS17Fall20141,E5452,jSwitch3,2014-09-25 19:46:20.366,JavaTutorial_4_3_5,GLOBAL::AS
sra30,IS17Fall20141,E5452,jSwitch3,2014-09-25 19:46:20.366,JavaTutorial_4_3_4,GLOBAL::AS
sra30,IS17Fall20141,E5452,jSwitch3,2014-09-25 19:46:20.366,switch_v2,GLOBAL::AS
sra30,IS17Fall20141,E5452,jSwitch3,2014-09-25 19:46:20.366,JavaTutorial_4_3_2,GLOBAL::COS
sra30,IS17Fall20141,E5452,jSwitch3,2014-09-25 19:46:20.366,switch_v2,GLOBAL::COS
sra30,IS17Fall20141,E5452,jSwitch3,2014-09-25 19:46:20.366,JavaTutorial_4_3_5,GLOBAL::COS
sra30,IS17Fall20141,E5452,jSwitch3,2014-09-25 19:46:20.366,JavaTutorial_4_3_6,GLOBAL::COS
sra30,IS17Fall20141,E5452,jSwitch3,2014-09-25 19:46:20.366,JavaTutorial_4_3_5,LOCAL::AS
sra30,IS17Fall20141,E5452,jSwitch3,2014-09-25 19:46:20.366,JavaTutorial_4_3_6,LOCAL::COS
sra30,IS17Fall20141,E5452,jSwitch3,2014-09-25 19:46:20.366,JavaTutorial_4_3_5,LOCAL::COS
sra30,IS17Fall20141,E5452,jSwitch3,2014-09-25 19:46:20.366,switch_v2,LOCAL::COS
sra30,IS17Fall20141,E5452,jSwitch3,2014-09-25 19:46:20.366,JavaTutorial_4_3_2,LOCAL::COS
sra30,IS17Fall20141,E5452,jSwitch3,2014-09-25 19:46:20.366,JavaTutorial_4_3_2,P::GLOBAL::AS
sra30,IS17Fall20141,E5452,jSwitch3,2014-09-25 19:46:20.366,JavaTutorial_4_3_5,P::GLOBAL::AS
sra30,IS17Fall20141,E5452,jSwitch3,2014-09-25 19:46:20.366,JavaTutorial_4_3_4,P::GLOBAL::AS
sra30,IS17Fall20141,E5452,jSwitch3,2014-09-25 19:46:20.366,JavaTutorial_4_3_2,P::GLOBAL::COS
sra30,IS17Fall20141,E5452,jSwitch3,2014-09-25 19:46:20.366,JavaTutorial_4_3_5,P::GLOBAL::COS
sra30,IS17Fall20141,E5452,jSwitch3,2014-09-25 19:46:20.366,JavaTutorial_4_3_5,P::LOCAL::AS
sra30,IS17Fall20141,E5452,jSwitch3,2014-09-25 19:46:20.366,JavaTutorial_4_3_2,P::LOCAL::AS
sra30,IS17Fall20141,E5452,jSwitch3,2014-09-25 19:46:20.366,JavaTutorial_4_3_6,P::LOCAL::AS
sra30,IS17Fall20141,E5452,jSwitch3,2014-09-25 19:46:20.366,JavaTutorial_4_3_5,P::LOCAL::COS
sra30,IS17Fall20141,E5452,jSwitch3,2014-09-25 19:46:20.366,JavaTutorial_4_3_2,P::LOCAL::COS
sra30,IS17Fall20141,E5452,jSwitch3,2014-09-25 19:46:20.366,JavaTutorial_4_3_6,P::LOCAL::COS
sra30,IS17Fall20141,E5452,jSwitch3,2014-09-25 19:46:20.366,JavaTutorial_4_3_2,P::GLOBAL::AS::GOAL
sra30,IS17Fall20141,E5452,jSwitch3,2014-09-25 19:46:20.366,JavaTutorial_4_3_5,P::GLOBAL::AS::GOAL
sra30,IS17Fall20141,E5452,jSwitch3,2014-09-25 19:46:20.366,switch_v2,P::GLOBAL::AS::GOAL
sra30,IS17Fall20141,E5452,jSwitch3,2014-09-25 19:46:20.366,JavaTutorial_4_3_4,P::GLOBAL::AS::GOAL
sra30,IS17Fall20141,E5452,jSwitch3,2014-09-25 19:46:20.366,JavaTutorial_4_3_2,P::GLOBAL::COS::GOAL
sra30,IS17Fall20141,E5452,jSwitch3,2014-09-25 19:46:20.366,JavaTutorial_4_3_5,P::GLOBAL::COS::GOAL
sra30,IS17Fall20141,E5452,jSwitch3,2014-09-25 19:46:20.366,switch_v2,P::GLOBAL::COS::GOAL
sra30,IS17Fall20141,E5452,jSwitch3,2014-09-25 19:46:20.366,JavaTutorial_4_3_5,P::LOCAL::AS::GOAL
sra30,IS17Fall20141,E5452,jSwitch3,2014-09-25 19:46:20.366,JavaTutorial_4_3_2,P::LOCAL::AS::GOAL
sra30,IS17Fall20141,E5452,jSwitch3,2014-09-25 19:46:20.366,switch_v2,P::LOCAL::AS::GOAL
sra30,IS17Fall20141,E5452,jSwitch3,2014-09-25 19:46:20.366,JavaTutorial_4_3_6,P::LOCAL::AS::GOAL
sra30,IS17Fall20141,E5452,jSwitch3,2014-09-25 19:46:20.366,switch_v2,P::LOCAL::COS::GOAL
sra30,IS17Fall20141,E5452,jSwitch3,2014-09-25 19:46:20.366,JavaTutorial_4_3_2,P::LOCAL::COS::GOAL
sra30,IS17Fall20141,E5452,jSwitch3,2014-09-25 19:46:20.366,JavaTutorial_4_3_5,P::LOCAL::COS::GOAL
sra30,IS17Fall20141,E5452,jSwitch3,2014-09-25 19:46:20.366,JavaTutorial_4_3_6,P::LOCAL::COS::GOAL
sra30,IS17Fall20141,E5452,jSwitch3,2014-09-25 19:46:20.366,JavaTutorial_4_3_4,P::LOCAL::COS::GOAL
sra30,IS17Fall20141,E5452,jSwitch3,2014-09-25 19:49:18.079,switch_v2,GLOBAL::COS
sra30,IS17Fall20141,E5452,jSwitch3,2014-09-25 19:49:18.079,JavaTutorial_4_3_6,LOCAL::COS
sra30,IS17Fall20141,E5452,jSwitch3,2014-09-25 19:49:18.079,switch_v2,P::LOCAL::COS::GOAL
sra30,IS17Fall20141,E5452,jObjects3,2014-09-25 19:55:44.004,CreateObjectDemo_v2,NAIVE::LOCAL
sra30,IS17Fall20141,E5452,jObjects3,2014-09-25 19:55:44.004,CreateObjectDemo_v2,P::LOCAL::AS::GOAL
sra30,IS17Fall20141,E5452,jObjects3,2014-09-25 19:55:44.004,CreateObjectDemo_v2,P::LOCAL::COS::GOAL
shz62,IS17Fall20141,D2B40,jDowhile8,2014-10-16 15:35:29.437,do_while_v2,P::GLOBAL::AS::GOAL
shz62,IS17Fall20141,D2B40,jDowhile8,2014-10-16 15:35:29.437,do_while_v2,P::LOCAL::AS::GOAL
shz62,IS17Fall20141,D2B40,jDowhile8,2014-10-16 15:35:29.437,do_while_v2,P::LOCAL::COS::GOAL
shx17,IS17Fall20141,B2D77,jIfelse4,2014-09-24 15:31:25.991,decisions1_v2,RANDOM::BASELINE
shx17,IS17Fall20141,B2D77,jIfelse4,2014-09-24 15:31:25.991,JavaTutorial_4_2_5,RANDOM::BASELINE
shx17,IS17Fall20141,B2D77,jIfelse4,2014-09-24 15:31:25.991,JavaTutorial_4_2_6,RANDOM::BASELINE
shx17,IS17Fall20141,B2D77,jIfelse4,2014-09-24 15:31:25.991,string_comparison_v2,NAIVE::LOCAL
shx17,IS17Fall20141,B2D77,jIfelse4,2014-09-24 15:31:25.991,JavaTutorial_4_2_2,NAIVE::LOCAL
shx17,IS17Fall20141,B2D77,jIfelse4,2014-09-24 15:31:25.991,JavaTutorial_4_2_8,NAIVE::LOCAL
shx17,IS17Fall20141,B2D77,jIfelse4,2014-09-24 15:31:25.991,JavaTutorial_4_2_2,P::GLOBAL::COS
shx17,IS17Fall20141,B2D77,jIfelse4,2014-09-24 15:31:25.991,string_comparison_v2,P::GLOBAL::AS::GOAL
shx17,IS17Fall20141,B2D77,jIfelse4,2014-09-24 15:31:25.991,string_comparison_v2,P::GLOBAL::COS::GOAL
shx17,IS17Fall20141,B2D77,jIfelse4,2014-09-24 15:31:25.991,string_comparison_v2,P::LOCAL::AS::GOAL
shx17,IS17Fall20141,B2D77,jIfelse4,2014-09-24 15:31:25.991,string_comparison_v2,P::LOCAL::COS::GOAL
wmm25,IS17Fall20141,FAE70,jWhile4,2014-10-14 22:29:24.267,while_v2,GLOBAL::COS
wmm25,IS17Fall20141,FAE70,jWhile4,2014-10-14 22:29:24.267,JavaTutorial_4_4_3,P::GLOBAL::AS::GOAL
wmm25,IS17Fall20141,FAE70,jWhile4,2014-10-14 22:29:24.267,while_v2,P::GLOBAL::AS::GOAL
wmm25,IS17Fall20141,FAE70,jWhile4,2014-10-14 22:29:24.267,while_v2,P::GLOBAL::COS::GOAL
wmm25,IS17Fall20141,FAE70,jWhile4,2014-10-14 22:29:24.267,JavaTutorial_4_4_3,P::LOCAL::AS::GOAL
wmm25,IS17Fall20141,FAE70,jWhile4,2014-10-14 22:29:24.267,while_v2,P::LOCAL::AS::GOAL
wmm25,IS17Fall20141,FAE70,jWhile4,2014-10-14 22:29:24.267,while_v2,P::LOCAL::COS::GOAL
wmm25,IS17Fall20141,FAE70,jWhile4,2014-10-14 22:29:24.267,JavaTutorial_4_4_3,P::LOCAL::COS::GOAL
wmm25,IS17Fall20141,13F0C,jDowhile8,2014-10-29 16:34:01.101,do_while_v2,P::GLOBAL::AS::GOAL
wmm25,IS17Fall20141,13F0C,jDowhile8,2014-10-29 16:34:01.101,do_while_v2,P::LOCAL::AS::GOAL
wmm25,IS17Fall20141,13F0C,jDowhile8,2014-10-29 16:34:01.101,do_while_v2,P::LOCAL::COS::GOAL
wmm25,IS17Fall20141,EF9E1,jNested2,2014-11-06 16:42:01.624,JavaTutorial_4_6_14,NAIVE::LOCAL
wmm25,IS17Fall20141,EF9E1,jNested2,2014-11-06 16:42:01.624,JavaTutorial_4_6_6,GLOBAL::AS
wmm25,IS17Fall20141,EF9E1,jNested2,2014-11-06 16:42:01.624,JavaTutorial_4_6_14,GLOBAL::COS
wmm25,IS17Fall20141,EF9E1,jNested2,2014-11-06 16:42:01.624,JavaTutorial_4_6_7,LOCAL::AS
wmm25,IS17Fall20141,EF9E1,jNested2,2014-11-06 16:42:01.624,JavaTutorial_4_6_7,LOCAL::COS
wmm25,IS17Fall20141,EF9E1,jNested2,2014-11-06 16:42:01.624,JavaTutorial_4_6_7,P::LOCAL::AS
wmm25,IS17Fall20141,EF9E1,jNested2,2014-11-06 16:42:01.624,JavaTutorial_4_6_7,P::LOCAL::COS
wmm25,IS17Fall20141,EF9E1,jNested2,2014-11-06 16:42:01.624,JavaTutorial_4_6_14,P::LOCAL::AS::GOAL
jlabuda,IS17Fall20141,F6B13,jVariables1,2014-09-04 18:07:57.179,arithmetic_v2,GLOBAL::COS
jlabuda,IS17Fall20141,F6B13,jVariables1,2014-09-04 18:07:57.179,arithmetic_v2,P::LOCAL::AS::GOAL
