title,sline,"group_concat(distinct eline separator ';')"
arithmetic_v2,0,0
arithmetic_v2,1,1
arithmetic_v2,3,3
arithmetic_v2,4,4
arithmetic_v2,6,6
arithmetic_v2,7,7
arithmetic_v2,9,9
arithmetic_v2,10,10
arithmetic_v2,12,12
arithmetic_v2,13,13
arithmetic_v2,15,15
arithmetic_v2,16,16
arithmetic_v2,17,17
arraylist1_v2,0,0
arraylist1_v2,2,2
arraylist1_v2,4,4
arraylist1_v2,6,6
arraylist1_v2,7,7
arraylist2_v2,0,0
arraylist2_v2,1,1
arraylist2_v2,2,2
arraylist2_v2,4,4
arraylist2_v2,6,6
arraylist2_v2,7,7
arraylist2_v2,8,8
arraylist2_v2,9,9
arraylist2_v2,10,10
arraylist2_v2,11,11
arraylist2_v2,12,12
arraylist2_v2,13,13
arraylist2_v2,14,14
arraylist2_v2,16,16
arraylist2_v2,17,17
arraylist2_v2,18,18
arraylist2_v2,19,19
array_declaration_v2,0,0
array_declaration_v2,2,2
array_declaration_v2,4,4
Bicycle_v2,0,0
Bicycle_v2,3,3
Bicycle_v2,4,4
Bicycle_v2,5,5
Bicycle_v2,8,8
Bicycle_v2,9,9
Bicycle_v2,10,10
Bicycle_v2,11,11
Bicycle_v2,15,15
Bicycle_v2,16,16
Bicycle_v2,19,19
Bicycle_v2,20,20
Bicycle_v2,23,23
Bicycle_v2,24,24
Bicycle_v2,27,27
Bicycle_v2,28,28
boolean_declaration_v2,0,0
boolean_declaration_v2,2,2
boolean_declaration_v2,4,4
boolean_declaration_v2,5,5
boolean_expression_v2,0,0
boolean_expression_v2,2,2
boolean_expression_v2,4,4
boolean_expression_v2,5,5
boolean_expression_v2,6,6
boolean_operators_v2,0,0
boolean_operators_v2,2,2
boolean_operators_v2,4,4
boolean_operators_v2,5,5
boolean_operators_v2,7,7
boolean_operators_v2,8,8
boolean_operators_v2,9,9
comparison_operators_v2,0,0
comparison_operators_v2,1,1
comparison_operators_v2,2,2
comparison_operators_v2,3,3
comparison_operators_v2,4,4
comparison_operators_v2,5,5
comparison_operators_v2,6,6
comparison_operators_v2,7,7
comparison_operators_v2,8,8
conditional_operators_v2,0,0
conditional_operators_v2,1,1
conditional_operators_v2,2,2
conditional_operators_v2,3,3
conditional_operators_v2,4,4
conditional_operators_v2,5,5
Constants_v2,0,0
Constants_v2,1,1
Constants_v2,2,2
Constants_v2,3,3
Constants_v2,5,5
Constants_v2,6,6
constant_v2,0,0
constant_v2,1,1
constant_v2,2,2
constant_v2,3,3
CreateObjectDemo_v2,0,0
CreateObjectDemo_v2,1,1
CreateObjectDemo_v2,3,3
CreateObjectDemo_v2,4,4
CreateObjectDemo_v2,5,5
CreateObjectDemo_v2,7,7
CreateObjectDemo_v2,8,8
CreateObjectDemo_v2,9,9
CreateObjectDemo_v2,11,11
CreateObjectDemo_v2,12,12
CreateObjectDemo_v2,13,13
CreateString_v2,0,0
CreateString_v2,2,2
CreateString_v2,4,4
CreateString_v2,5,5
CreateString_v2,6,6
create_2d_array_v2,0,0
create_2d_array_v2,1,1
create_2d_array_v2,2,2
create_2d_array_v2,3,3
create_2d_array_v2,4,4
decisions1_v2,0,0
decisions1_v2,1,1
decisions1_v2,3,3
decisions1_v2,4,4
decisions1_v2,6,16;6
decisions1_v2,7,7
decisions1_v2,8,8;16
decisions1_v2,9,9
decisions1_v2,10,10;16
decisions1_v2,11,11
decisions1_v2,12,12;16
decisions1_v2,13,13
decisions1_v2,15,15
decisions1_v2,17,17
Decision_If_v2,0,0
Decision_If_v2,2,2
Decision_If_v2,4,4
Decision_If_v2,5,5;6
Decision_If_v2,6,6
do_while_v2,0,0
do_while_v2,1,1
do_while_v2,2,2
do_while_v2,3,6
do_while_v2,4,4
do_while_v2,5,5
do_while_v2,6,6
exception_v2,0,0
exception_v2,1,1
exception_v2,2,2
exception_v2,3,3
exception_v2,4,14
exception_v2,5,5
exception_v2,8,8
exception_v2,11,13;11
exception_v2,12,12
for1_v2,0,0
for1_v2,1,1
for1_v2,2,2
for1_v2,3,3
HelloWorld2_v2,0,0
HelloWorld2_v2,1,1
HelloWorld2_v2,2,2
HelloWorld2_v2,3,3
ifelse2_v2,0,0
ifelse2_v2,2,2
ifelse2_v2,4,4
ifelse2_v2,5,5;8
ifelse2_v2,6,6
ifelse2_v2,8,8
imple_multi_v2,0,0
imple_multi_v2,1,1
imple_multi_v2,2,2
imple_multi_v2,4,4
imple_multi_v2,5,5
imple_multi_v2,6,6
imple_multi_v2,9,9
imple_multi_v2,10,10
imple_multi_v2,12,12
increment_v2,0,0
increment_v2,1,1
increment_v2,3,3
increment_v2,4,4
increment_v2,5,5
increment_v2,6,6
increment_v2,8,8
increment_v2,9,9
increment_v2,10,10
increment_v2,11,11
inheritance1_v2,0,0
inner_v2,0,0
inner_v2,1,1
inner_v2,2,2
inner_v2,3,3
inner_v2,4,4
inner_v2,5,5
inner_v2,8,8
inner_v2,9,9
io1_v2,0,0
io1_v2,2,2
io1_v2,3,3
io1_v2,4,4
io1_v2,5,5
io1_v2,6,6
io1_v2,8,8
io1_v2,9,9
io1_v2,10,10
JavaTutorial_4_1_3,0,0
JavaTutorial_4_1_3,2,2
JavaTutorial_4_1_3,3,3
JavaTutorial_4_1_3,5,5
JavaTutorial_4_1_3,7,7
JavaTutorial_4_1_3,8,8
JavaTutorial_4_1_3,9,9
JavaTutorial_4_1_3,10,10
JavaTutorial_4_1_5,0,0
JavaTutorial_4_1_5,2,2
JavaTutorial_4_1_5,3,6;3
JavaTutorial_4_1_5,4,4
JavaTutorial_4_1_5,5,5
JavaTutorial_4_1_5,6,6
JavaTutorial_4_1_5,8,8
JavaTutorial_4_1_5,9,9
JavaTutorial_4_1_5,10,10
JavaTutorial_4_1_5,11,11
JavaTutorial_4_1_8,0,0
JavaTutorial_4_1_8,2,2
JavaTutorial_4_1_8,3,3
JavaTutorial_4_1_8,4,4;7
JavaTutorial_4_1_8,5,5
JavaTutorial_4_1_8,6,6
JavaTutorial_4_2_2,0,0
JavaTutorial_4_2_2,2,2
JavaTutorial_4_2_2,3,3
JavaTutorial_4_2_2,4,4
JavaTutorial_4_2_2,5,5
JavaTutorial_4_2_2,6,6
JavaTutorial_4_2_2,8,8;11
JavaTutorial_4_2_2,9,9
JavaTutorial_4_2_2,10,10
JavaTutorial_4_2_5,0,0
JavaTutorial_4_2_5,2,2
JavaTutorial_4_2_5,3,3
JavaTutorial_4_2_5,5,7;5
JavaTutorial_4_2_5,6,6
JavaTutorial_4_2_6,0,0
JavaTutorial_4_2_6,2,2
JavaTutorial_4_2_6,3,3
JavaTutorial_4_2_6,4,4;9
JavaTutorial_4_2_6,5,5
JavaTutorial_4_2_6,6,6
JavaTutorial_4_2_6,8,8
JavaTutorial_4_2_7,0,0
JavaTutorial_4_2_7,2,2
JavaTutorial_4_2_7,3,3
JavaTutorial_4_2_7,4,14;4
JavaTutorial_4_2_7,5,5
JavaTutorial_4_2_7,6,6;10
JavaTutorial_4_2_7,7,7
JavaTutorial_4_2_7,9,9
JavaTutorial_4_2_7,13,13
JavaTutorial_4_2_8,0,0
JavaTutorial_4_2_8,2,2
JavaTutorial_4_2_8,3,3
JavaTutorial_4_2_8,4,4
JavaTutorial_4_2_8,5,5
JavaTutorial_4_2_8,7,7;11
JavaTutorial_4_2_8,8,8
JavaTutorial_4_2_8,9,9
JavaTutorial_4_2_8,10,10
JavaTutorial_4_2_8,12,12
JavaTutorial_4_2_8,13,13
JavaTutorial_4_2_8,14,14
JavaTutorial_4_2_9,0,0
JavaTutorial_4_2_9,2,2
JavaTutorial_4_2_9,3,3
JavaTutorial_4_2_9,4,4
JavaTutorial_4_2_9,5,5
JavaTutorial_4_2_9,7,7;11
JavaTutorial_4_2_9,8,8
JavaTutorial_4_2_9,9,9
JavaTutorial_4_2_9,10,10
JavaTutorial_4_2_9,12,12
JavaTutorial_4_2_9,13,13
JavaTutorial_4_2_9,14,14
JavaTutorial_4_3_2,0,0
JavaTutorial_4_3_2,1,1
JavaTutorial_4_3_2,2,2
JavaTutorial_4_3_2,4,17
JavaTutorial_4_3_2,5,5
JavaTutorial_4_3_2,6,6
JavaTutorial_4_3_2,7,7
JavaTutorial_4_3_2,8,8
JavaTutorial_4_3_2,9,9
JavaTutorial_4_3_2,10,10
JavaTutorial_4_3_2,11,11
JavaTutorial_4_3_2,12,12
JavaTutorial_4_3_2,13,13
JavaTutorial_4_3_2,14,14
JavaTutorial_4_3_2,15,15
JavaTutorial_4_3_2,16,16
JavaTutorial_4_3_4,0,0
JavaTutorial_4_3_4,2,2
JavaTutorial_4_3_4,3,3
JavaTutorial_4_3_4,4,14
JavaTutorial_4_3_4,6,6
JavaTutorial_4_3_4,7,7
JavaTutorial_4_3_4,8,8
JavaTutorial_4_3_4,9,9
JavaTutorial_4_3_4,10,10
JavaTutorial_4_3_4,11,11
JavaTutorial_4_3_4,12,12
JavaTutorial_4_3_4,13,13
JavaTutorial_4_3_5,0,0
JavaTutorial_4_3_5,2,2
JavaTutorial_4_3_5,3,3
JavaTutorial_4_3_5,4,20
JavaTutorial_4_3_5,5,5
JavaTutorial_4_3_5,6,6
JavaTutorial_4_3_5,7,16
JavaTutorial_4_3_5,8,8
JavaTutorial_4_3_5,9,9
JavaTutorial_4_3_5,10,10
JavaTutorial_4_3_5,11,11
JavaTutorial_4_3_5,12,12
JavaTutorial_4_3_5,13,13
JavaTutorial_4_3_5,14,14
JavaTutorial_4_3_5,15,15
JavaTutorial_4_3_5,17,17
JavaTutorial_4_3_5,18,18
JavaTutorial_4_3_5,19,19
JavaTutorial_4_3_6,0,0
JavaTutorial_4_3_6,1,1
JavaTutorial_4_3_6,2,2
JavaTutorial_4_3_6,3,3
JavaTutorial_4_3_6,5,15
JavaTutorial_4_3_6,6,6
JavaTutorial_4_3_6,7,7
JavaTutorial_4_3_6,8,8
JavaTutorial_4_3_6,9,9
JavaTutorial_4_3_6,10,10
JavaTutorial_4_3_6,11,11
JavaTutorial_4_3_6,12,12
JavaTutorial_4_3_6,13,13
JavaTutorial_4_3_6,14,14
JavaTutorial_4_4_2,0,0
JavaTutorial_4_4_2,1,1
JavaTutorial_4_4_2,2,2
JavaTutorial_4_4_2,3,3
JavaTutorial_4_4_2,4,4
JavaTutorial_4_4_2,6,8;6
JavaTutorial_4_4_2,7,7
JavaTutorial_4_4_2,9,9
JavaTutorial_4_4_3,0,0
JavaTutorial_4_4_3,1,1
JavaTutorial_4_4_3,2,2
JavaTutorial_4_4_3,3,3;6
JavaTutorial_4_4_3,4,4
JavaTutorial_4_4_3,5,5
JavaTutorial_4_4_4,0,0
JavaTutorial_4_4_4,1,1
JavaTutorial_4_4_4,2,2
JavaTutorial_4_4_4,3,25;3
JavaTutorial_4_4_4,4,4
JavaTutorial_4_4_4,5,24;5
JavaTutorial_4_4_4,6,6
JavaTutorial_4_4_4,7,7
JavaTutorial_4_4_4,8,11;8
JavaTutorial_4_4_4,9,9
JavaTutorial_4_4_4,12,15;12
JavaTutorial_4_4_4,13,13
JavaTutorial_4_4_4,16,16;19
JavaTutorial_4_4_4,17,17
JavaTutorial_4_4_4,20,23;20
JavaTutorial_4_4_4,21,21
JavaTutorial_4_6_12,0,0
JavaTutorial_4_6_12,1,1
JavaTutorial_4_6_12,2,2
JavaTutorial_4_6_12,3,3
JavaTutorial_4_6_12,5,5;12
JavaTutorial_4_6_12,6,6
JavaTutorial_4_6_12,8,8
JavaTutorial_4_6_12,9,9
JavaTutorial_4_6_12,11,11
JavaTutorial_4_6_14,0,0
JavaTutorial_4_6_14,1,1
JavaTutorial_4_6_14,2,2;10
JavaTutorial_4_6_14,3,3
JavaTutorial_4_6_14,4,4
JavaTutorial_4_6_14,6,6
JavaTutorial_4_6_14,7,7
JavaTutorial_4_6_14,9,9
JavaTutorial_4_6_14,12,12;20
JavaTutorial_4_6_14,13,13
JavaTutorial_4_6_14,14,14
JavaTutorial_4_6_14,16,16
JavaTutorial_4_6_14,17,17
JavaTutorial_4_6_14,19,19
JavaTutorial_4_6_5,0,0
JavaTutorial_4_6_5,2,2
JavaTutorial_4_6_5,4,4
JavaTutorial_4_6_6,0,0
JavaTutorial_4_6_6,2,2
JavaTutorial_4_6_6,3,3
JavaTutorial_4_6_6,4,4
JavaTutorial_4_6_6,5,5
JavaTutorial_4_6_6,6,6
JavaTutorial_4_6_6,8,8
JavaTutorial_4_6_7,0,0
JavaTutorial_4_6_7,1,1
JavaTutorial_4_6_7,2,2
JavaTutorial_4_6_7,3,3
JavaTutorial_4_6_8,0,0
JavaTutorial_4_6_8,1,1
JavaTutorial_4_6_8,2,2
JavaTutorial_4_6_8,3,3
JavaTutorial_4_6_9,0,0
JavaTutorial_4_6_9,2,2
JavaTutorial_4_6_9,3,3
JavaTutorial_4_6_9,4,4
JavaTutorial_4_6_9,6,6
JavaTutorial_4_6_9,7,7
JavaTutorial_4_6_9,9,9
JavaTutorial_4_7_2,0,0
JavaTutorial_4_7_2,1,1
JavaTutorial_4_7_2,2,2
JavaTutorial_4_7_2,4,4
JavaTutorial_4_7_2,5,5
JavaTutorial_4_7_2,6,6
JavaTutorial_4_7_2,9,9
JavaTutorial_4_7_2,11,11
JavaTutorial_4_7_2,12,12
JavaTutorial_4_7_2,14,14
JavaTutorial_4_7_4,0,0
JavaTutorial_4_7_4,2,2
JavaTutorial_4_7_4,4,4
JavaTutorial_4_7_4,5,5
JavaTutorial_4_7_4,7,7
JavaTutorial_4_7_4,8,8
JavaTutorial_4_7_4,9,9
JavaTutorial_4_7_4,10,10
JavaTutorial_4_7_4,12,12
JavaTutorial_4_7_4,13,13
JavaTutorial_4_7_4,14,14
JavaTutorial_4_7_4,15,15
JavaTutorial_4_7_5,0,0
JavaTutorial_4_7_5,1,1
JavaTutorial_4_7_5,2,2
JavaTutorial_4_7_5,3,3
JavaTutorial_4_7_5,4,4
JavaTutorial_4_7_5,5,5
JavaTutorial_4_7_5,6,6
JavaTutorial_4_7_5,8,8
JavaTutorial_4_7_6,0,0
JavaTutorial_4_7_6,1,1
JavaTutorial_4_7_6,3,3
JavaTutorial_4_7_6,4,4
JavaTutorial_4_7_7,0,0
JavaTutorial_4_7_7,1,1
JavaTutorial_4_7_7,2,2
JavaTutorial_4_7_7,3,3
JavaTutorial_4_7_7,4,4;6
JavaTutorial_4_7_7,5,5
JavaTutorial_4_7_7,6,6
JavaTutorial_4_7_7,7,7
JavaTutorial_4_7_7,8,8
JavaTutorial_4_7_7,9,9
JavaTutorial_4_7_7,10,10
JavaTutorial_4_7_7,13,13
JavaTutorial_4_7_8,0,0
JavaTutorial_4_7_8,1,1
JavaTutorial_4_7_8,2,2
JavaTutorial_4_7_8,3,3
JavaTutorial_4_7_8,4,4
JavaTutorial_4_7_8,5,5
JavaTutorial_4_7_8,6,6
JavaTutorial_4_7_8,7,9;7
jeg_interface1_v2,0,0;2
jeg_interface1_v2,1,1
jeg_interface1_v2,4,4
jeg_interface1_v2,6,6
jeg_interface1_v2,7,7
jeg_interface1_v2,10,10
jeg_interface1_v2,11,11
jeg_interface1_v2,13,13
logical_operators_v2,0,0
logical_operators_v2,1,1
logical_operators_v2,3,3
logical_operators_v2,4,4
MathFunction_v2,0,0
MathFunction_v2,2,2
MathFunction_v2,4,4
MathFunction_v2,5,5
MathFunction_v2,6,6
MathFunction_v2,7,7
MathFunction_v2,8,8
nested_loops2_v2,0,0
nested_loops2_v2,2,2
nested_loops2_v2,4,4;9
nested_loops2_v2,5,5
nested_loops2_v2,6,6
nested_loops2_v2,8,8
nested_loops_v2,0,0
nested_loops_v2,2,2
nested_loops_v2,4,4;9
nested_loops_v2,5,5
nested_loops_v2,6,6
nested_loops_v2,8,8
OperatorExample_v2,0,0
OperatorExample_v2,1,1
OperatorExample_v2,2,2
OperatorExample_v2,3,3
OperatorExample_v2,4,4
OperatorExample_v2,6,6
OperatorExample_v2,7,7
OperatorExample_v2,8,8
override_v2,0,0
override_v2,1,1
override_v2,2,2
override_v2,6,6
override_v2,7,7
override_v2,8,8
package_v2,0,0
Point_v2,0,0
Point_v2,1,1
Point_v2,2,2
Point_v2,4,4
Point_v2,5,5
Point_v2,6,6
poly_v2,0,0
poly_v2,1,1
poly_v2,2,2
poly_v2,6,6
poly_v2,7,7
poly_v2,8,8
poly_v2,11,11
poly_v2,12,12
poly_v2,16,16
poly_v2,17,17
poly_v2,18,18
poly_v2,19,19
poly_v2,20,20
poly_v2,21,21
poly_v2,22,22
PrimitiveDataTypes_v2,0,0
PrimitiveDataTypes_v2,2,2
PrimitiveDataTypes_v2,4,4
PrimitiveDataTypes_v2,5,5
PrimitiveDataTypes_v2,6,6
PrimitiveDataTypes_v2,7,7
PrimitiveDataTypes_v2,8,8
PrimitiveDataTypes_v2,9,9
PrimitiveDataTypes_v2,10,10
PrimitiveDataTypes_v2,11,11
Rectangle_v2,0,0
Rectangle_v2,1,1
Rectangle_v2,2,2
Rectangle_v2,3,3
Rectangle_v2,6,6
Rectangle_v2,7,7
Rectangle_v2,9,9
Rectangle_v2,10,10
Rectangle_v2,12,12
Rectangle_v2,13,13
Rectangle_v2,14,14
Rectangle_v2,15,15
Rectangle_v2,17,17
Rectangle_v2,18,18
Rectangle_v2,19,19
Rectangle_v2,20,20
Rectangle_v2,24,24
Rectangle_v2,25,25
Rectangle_v2,26,26
Rectangle_v2,30,30
Rectangle_v2,31,31
relational_operators_v2,0,0
relational_operators_v2,2,2
relational_operators_v2,4,4
relational_operators_v2,5,5
relational_operators_v2,6,6
relational_operators_v2,7,7
relational_operators_v2,8,8
static_method_v2,0,0
static_method_v2,1,1
static_method_v2,2,2
static_method_v2,3,3
static_method_v2,4,4
static_method_v2,5,5
static_method_v2,8,8
static_method_v2,9,9
static_method_v2,10,10
StringExample_v2,0,0
StringExample_v2,1,1
StringExample_v2,2,2
StringExample_v2,3,3
StringExample_v2,4,4
StringExample_v2,6,6
StringExample_v2,7,7
StringExample_v2,8,8
string_comparison_v2,0,0
string_comparison_v2,2,2
string_comparison_v2,4,4
string_comparison_v2,5,5
string_comparison_v2,6,6
string_comparison_v2,7,7
string_comparison_v2,9,9;10
string_comparison_v2,10,10
string_comparison_v2,12,12
string_comparison_v2,13,13
string_comparison_v2,14,14
string_length_v2,0,0
string_length_v2,2,2
string_length_v2,4,4
string_length_v2,5,5
substring_v2,0,0
substring_v2,2,2
substring_v2,4,4
substring_v2,5,5
switch_v2,0,0
switch_v2,1,1
switch_v2,3,3
switch_v2,4,9
switch_v2,5,5
switch_v2,6,6
switch_v2,7,7
switch_v2,8,8
TypeCasting_v2,0,0
TypeCasting_v2,2,2
TypeCasting_v2,4,4
TypeCasting_v2,5,5
TypeCasting_v2,6,6
TypeCasting_v2,7,7
use_2darray_v2,0,0
use_2darray_v2,1,1
use_2darray_v2,2,2
use_2darray_v2,3,3
use_array_v2,0,0
use_array_v2,2,2
use_array_v2,4,4
use_array_v2,5,5
use_array_v2,6,6
using_array_v2,0,0
using_array_v2,2,2
using_array_v2,4,4
using_array_v2,5,5
using_array_v2,6,6
variables1_v2,0,0
variables1_v2,2,2
variables1_v2,4,4
variables1_v2,5,5
variables1_v2,6,6
variables2_v2,0,0
variables2_v2,2,2
variables2_v2,4,4
variables2_v2,5,5
variables2_v2,6,6
variables2_v2,7,7
while_v2,0,0
while_v2,1,1
while_v2,2,2
while_v2,3,6;3
while_v2,4,4
while_v2,5,5
wrapper_class_v2,0,0
wrapper_class_v2,1,1
wrapper_class_v2,2,2
wrapper_class_v2,3,3
wrapper_class_v2,4,4
wrapper_class_v2,5,5
wrapper_class_v2,6,6
wrapper_class_v2,7,7
wrapper_class_v2,8,8
j2d_arrays1,0,0
j2d_arrays1,2,2
j2d_arrays1,4,4;7
j2d_arrays1,8,8
j2d_arrays1,9,9
j2d_arrays1,10,10
j2d_arrays2,0,0
j2d_arrays2,2,2
j2d_arrays2,4,4
j2d_arrays2,6,6;8
j2d_arrays2,7,7
j2d_arrays2,8,8
j2d_arrays2,10,10
j2d_arrays3,0,0
j2d_arrays3,2,2
j2d_arrays3,4,4
j2d_arrays3,5,5
j2d_arrays3,6,6
j2d_arrays3,8,8;10
j2d_arrays3,9,9
j2d_arrays3,10,10
j2d_arrays3,12,12;16
j2d_arrays3,13,13
j2d_arrays3,14,14
j2d_arrays3,15,15
j2d_arrays4,0,0
j2d_arrays4,2,2
j2d_arrays4,4,7;4
j2d_arrays4,8,8
j2d_arrays4,10,10;13
j2d_arrays4,11,11
j2d_arrays4,12,12;13
j2d_arrays4,13,13
jarray1,0,0
jarray1,1,1
jarray1,3,3
jarray1,4,4
jarray1,5,5
jarray1,6,9;6
jarray1,7,7
jarray1,8,8
jarray2,0,0
jarray2,1,1
jarray2,3,3
jarray2,4,4
jarray2,5,5
jarray2,6,6;7
jarray2,7,7
jarray3,0,0
jarray3,1,1
jarray3,3,3
jarray3,4,4
jarray3,6,6
jarray3,7,7
jarray3,8,8
jarray3,10,10
jarray3,11,11
jarray3,18,18
jarray3,20,20
jarray3,21,21
jarray3,28,28
jarray3,30,30
jarray3,42,42
jarray3,43,43
jarray3,45,45
jarray3,46,46
jarray3,53,53
jarray3,55,55
jarray3,56,56
jarray3,57,57
jarray3,58,58
jarray3,62,62
jarray3,63,63
jarray3,64,64
jarray3,65,65
jarray3,67,67
jarray3,68,68
jarray4,0,0
jarray4,1,1
jarray4,3,3
jarray4,4,4
jarray4,5,5
jarray4,6,6
jarray5,0,0
jarray5,2,2
jarray5,4,4
jarray5,6,6
jarray5,7,7
jarray5,9,9
jarray5,11,11
jarray5,18,18
jarray5,20,20
jarray5,27,27
jarray5,29,29
jarray5,30,30
jarray5,37,37
jarray5,39,39
jarray5,40,40
jarray5,47,47
jarray5,49,49
jarray5,52,52
jarraylist1,0,0
jarraylist1,2,2
jarraylist1,4,4
jarraylist1,6,6
jarraylist1,8,8
jarraylist1,9,9
jarraylist1,10,10
jarraylist1,11,11
jarraylist1,12,12
jarraylist1,14,14
jarraylist1,18,18
jarraylist1,20,20
jarraylist1,30,30
jarraylist1,32,32
jarraylist1,33,33
jarraylist1,41,41
jarraylist1,43,43
jarraylist1,44,44
jarraylist1,51,51
jarraylist1,53,53
jarraylist1,60,60
jarraylist1,62,62
jarraylist1,63,63
jarraylist1,70,70
jarraylist1,72,72
jarraylist1,73,73
jarraylist1,80,80
jarraylist1,82,82
jarraylist1,85,85
jarraylist1,86,86
jarraylist2,0,0
jarraylist2,1,1
jarraylist2,2,2
jarraylist2,4,4
jarraylist2,5,5
jarraylist2,6,6
jarraylist2,7,7
jarraylist2,8,8
jarraylist2,9,9
jarraylist2,10,10
jarraylist2,11,11;16
jarraylist2,12,12
jarraylist2,13,16;13
jarraylist2,14,14
jarraylist2,16,16
jarraylist2,18,18
jarraylist3,0,0
jarraylist3,2,2
jarraylist3,4,4
jarraylist3,6,6
jarraylist3,7,7
jarraylist3,9,9
jarraylist3,10,10
jarraylist3,11,11
jarraylist3,12,12
jarraylist3,13,13
jarraylist3,18,18
jarraylist3,20,20
jarraylist3,30,30
jarraylist3,32,32
jarraylist3,33,33
jarraylist3,41,41
jarraylist3,43,43
jarraylist3,44,44
jarraylist3,51,51
jarraylist3,53,53
jarraylist3,60,60
jarraylist3,62,62
jarraylist3,63,63
jarraylist3,70,70
jarraylist3,72,72
jarraylist3,73,73
jarraylist3,80,80
jarraylist3,82,82
jarraylist3,85,85
jarraylist3,86,86
jarraylist4,0,0
jarraylist4,2,2
jarraylist4,4,4
jarraylist4,6,6
jarraylist4,8,8
jarraylist4,9,9
jarraylist4,10,10
jarraylist4,11,11
jarraylist4,12,12
jarraylist4,13,13
jarraylist4,14,14
jarraylist4,15,15
jarraylist4,16,16
jarraylist4,17,17
jarraylist4,18,18
jarraylist4,19,19
jarraylist4,20,20
jarraylist4,22,22
jarraylist4,23,24;23
jarraylist4,24,24
jarraylist4,30,30
jarraylist4,32,32
jarraylist4,33,33
jarraylist4,41,41
jarraylist4,43,43
jarraylist4,44,44
jarraylist4,51,51
jarraylist4,53,53
jarraylist4,60,60
jarraylist4,62,62
jarraylist4,63,63
jarraylist4,70,70
jarraylist4,72,72
jarraylist4,73,73
jarraylist4,80,80
jarraylist4,82,82
jarraylist4,85,85
jarraylist4,86,86
jarraylist5,0,0
jarraylist5,2,2
jarraylist5,4,4
jarraylist5,6,6
jarraylist5,8,8
jarraylist5,9,9
jarraylist5,10,13;10
jarraylist5,11,11
jarraylist5,12,12
jarraylist5,16,16
jarraylist5,18,18
jarraylist5,20,20
jarraylist5,30,30
jarraylist5,32,32
jarraylist5,33,33
jarraylist5,41,41
jarraylist5,43,43
jarraylist5,44,44
jarraylist5,51,51
jarraylist5,53,53
jarraylist5,60,60
jarraylist5,62,62
jarraylist5,63,63
jarraylist5,70,70
jarraylist5,72,72
jarraylist5,73,73
jarraylist5,80,80
jarraylist5,82,82
jarraylist5,85,85
jarraylist5,86,86
jbankaccount,0,0
jbankaccount,1,1
jbankaccount,3,3
jbankaccount,4,4
jbankaccount,5,5
jbankaccount,6,6
jbankaccount,9,9
jbankaccount,11,11
jbankaccount,18,18
jbankaccount,20,20
jbankaccount,27,27
jbankaccount,29,29
jbankaccount,30,30
jbankaccount,37,37
jbankaccount,39,39
jbankaccount,40,40
jbankaccount,47,47
jbankaccount,49,49
jbankaccount,52,52
jba_ques,0,0
jba_ques,1,1
jba_ques,3,3
jba_ques,4,4
jba_ques,5,5
jba_ques,6,6
jba_ques,9,9
jba_ques,11,11
jba_ques,18,18
jba_ques,20,20
jba_ques,27,27
jba_ques,29,29
jba_ques,30,30
jba_ques,37,37
jba_ques,39,39
jba_ques,40,40
jba_ques,47,47
jba_ques,49,49
jba_ques,52,52
jboolean_method,0,0
jboolean_method,1,1
jboolean_method,3,3
jboolean_method,4,4
jboolean_method,5,5
jboolean_method,6,6;7
jboolean_method,7,7
jboolean_method,8,9;8
jboolean_method,9,9
jboolean_operator3,0,0
jboolean_operator3,1,1
jboolean_operator3,2,2
jboolean_operator3,3,3
jboolean_operators1,0,0
jboolean_operators1,1,1
jboolean_operators1,3,3
jboolean_operators1,4,5;4
jboolean_operators1,5,5
jboolean_operators2,0,0
jboolean_operators2,1,1
jboolean_operators2,3,3
jboolean_operators2,4,4
jboolean_operators2,6,6;7
jboolean_operators2,7,7
jboolean_operators2,8,11
jboolean_operators2,9,9
jboolean_operators2,11,11
jboolean_operators2,13,13
jboolean_operators2,18,18
jboolean_operators2,20,20
jboolean_operators2,27,27
jboolean_operators2,29,29
jboolean_operators2,30,30
jboolean_operators2,37,37
jboolean_operators2,39,39
jboolean_operators2,40,40
jboolean_operators2,47,47
jboolean_operators2,49,49
jboolean_operators2,52,52
jboolean_var,0,0
jboolean_var,1,1
jboolean_var,2,2
jboolean_var,3,4;3
jboolean_var,4,4
jboolean_var,5,5
jclass1,0,0
jclass1,1,1
jclass1,3,3
jclass1,4,4
jclass1,9,9
jclass1,11,11
jclass1,18,18
jclass1,20,20
jclass1,27,27
jclass1,29,29
jclass1,30,30
jclass1,37,37
jclass1,39,39
jclass1,40,40
jclass1,47,47
jclass1,49,49
jclass1,52,52
jclasses_constructor,0,0
jclasses_constructor,1,1
jclasses_constructor,3,3
jclasses_constructor,4,4
jclasses_constructor,5,5
jclasses_constructor,6,6
jclasses_constructor,8,8
jclasses_constructor,10,10
jclasses_constructor,11,11
jclasses_constructor,18,18
jclasses_constructor,20,20
jclasses_constructor,21,21
jclasses_constructor,28,28
jclasses_constructor,30,30
jclasses_constructor,37,37
jclasses_constructor,39,39
jclasses_constructor,40,40
jclasses_constructor,41,41
jclasses_constructor,42,42
jclasses_constructor,44,44
jclasses_constructor,45,45
jclasses_getter,0,0
jclasses_getter,1,1
jclasses_getter,2,2
jclasses_getter,3,3
jclasses_getter,4,4
jclasses_getter,5,5
jclasses_getter,7,7
jclasses_getter,8,8
jclasses_getter,12,12
jclasses_getter,13,13
jclasses_getter,14,14
jclasses_getter,17,17
jclasses_getter,19,19
jclasses_getter,22,22
jclasses_getter,24,24
jclasses_getter,27,27
jclasses_getter,29,29
jConstants1,0,0
jConstants1,1,1
jConstants1,3,3
jConstants1,4,4
jConstants1,5,5
jConstants2,0,0
jConstants2,1,1
jConstants2,3,3
jConstants2,4,4
jConstants2,5,5
jConstants3,0,0
jConstants3,1,1
jConstants3,3,3
jConstants4,0,0
jConstants4,1,1
jConstants4,3,3
jConstants4,4,4
jConstants4,8,8
jConstants4,10,10
jConstants4,11,11
jConstants4,18,18
jConstants4,20,20
jConstants4,21,21
jConstants4,28,28
jConstants4,30,30
jConstants4,42,42
jConstants4,43,43
jConstants4,45,45
jConstants4,46,46
jConstants4,53,53
jConstants4,55,55
jConstants4,56,56
jConstants4,57,57
jConstants4,58,58
jConstants4,62,62
jConstants4,63,63
jConstants4,64,64
jConstants4,65,65
jConstants4,67,67
jConstants4,68,68
jConstants5,0,0
jConstants5,1,1
jConstants5,3,3
jConstants5,5,5
jConstants5,6,6
jConstants5,8,8
jConstants5,10,10
jConstants5,11,11
jConstants5,18,18
jConstants5,20,20
jConstants5,21,21
jConstants5,28,28
jConstants5,30,30
jConstants5,42,42
jConstants5,43,43
jConstants5,45,45
jConstants5,46,46
jConstants5,53,53
jConstants5,55,55
jConstants5,56,56
jConstants5,57,57
jConstants5,58,58
jConstants5,62,62
jConstants5,63,63
jConstants5,64,64
jConstants5,65,65
jConstants5,67,67
jConstants5,68,68
jdouble1,0,0
jdouble1,1,1
jdouble1,3,3
jdouble1,4,4
jdowhile1,0,0
jdowhile1,1,1
jdowhile1,3,3
jdowhile1,4,4
jdowhile1,5,7
jdowhile1,6,6
jdowhile1,7,7
jdowhile2,0,0
jdowhile2,1,1
jdowhile2,3,3
jdowhile2,4,4
jdowhile2,5,7
jdowhile2,6,6
jdowhile2,7,7
jdowhile3,0,0
jdowhile3,1,1
jdowhile3,3,3
jdowhile3,4,6
jdowhile3,5,5
jdowhile3,6,6
jdowhile4,0,0
jdowhile4,1,1
jdowhile4,3,3
jdowhile4,4,4
jdowhile4,5,5
jdowhile4,6,6
jdowhile4,8,11
jdowhile4,9,9
jdowhile4,10,10
jdowhile4,11,11
jdowhile4,13,13
jdowhile4,18,18
jdowhile4,20,20
jdowhile4,27,27
jdowhile4,29,29
jdowhile4,30,30
jdowhile4,37,37
jdowhile4,39,39
jdowhile4,40,40
jdowhile4,47,47
jdowhile4,49,49
jdowhile4,52,52
jdowhile6,0,0
jdowhile6,1,1
jdowhile6,3,3
jdowhile6,4,4
jdowhile6,5,8
jdowhile6,6,6
jdowhile6,7,7
jdowhile6,8,8
jdowhile8,0,0
jdowhile8,1,1
jdowhile8,3,3
jdowhile8,4,4
jdowhile8,6,10
jdowhile8,7,7
jdowhile8,8,9;8
jdowhile8,9,9
jdowhile8,10,10
jdowhile8,12,12;16
jdowhile8,13,13
jdowhile8,14,14;15
jdowhile8,15,15
jExceptions1,0,0
jExceptions1,1,1
jExceptions1,2,2
jExceptions1,3,3
jExceptions1,4,4
jExceptions1,5,5
jExceptions1,6,6
jExceptions1,7,7
jExceptions1,8,8
jExceptions1,9,9
jExceptions1,10,10
jExceptions1,13,13
jExceptions1,14,22
jExceptions1,15,16;15
jExceptions1,16,16
jExceptions1,17,17;18
jExceptions1,18,18
jExceptions1,19,19
jExceptions1,21,21
jExceptions1,25,25
jExceptions1,26,26
jExceptions1,29,29
jExceptions1,30,36
jExceptions1,31,32;31
jExceptions1,32,32
jExceptions1,33,33
jExceptions1,35,35
jExceptions1,39,39
jExceptions1,40,40
jExceptions1,43,43
jExceptions1,44,50
jExceptions1,45,45;46
jExceptions1,46,46
jExceptions1,47,47
jExceptions1,49,49
jExceptions1,53,53
jExceptions1,54,54
jExceptions1,55,67
jExceptions1,56,57;56
jExceptions1,57,57
jExceptions1,58,59;58
jExceptions1,59,59
jExceptions1,60,61;60
jExceptions1,61,61
jExceptions1,62,62
jExceptions1,64,64
jExceptions1,66,66
jExceptions1,68,68
jExceptions2,0,0
jExceptions2,1,1
jExceptions2,2,2
jExceptions2,3,3
jExceptions2,4,4
jExceptions2,5,5
jExceptions2,6,6
jExceptions2,7,7
jExceptions2,8,8
jExceptions2,9,9
jExceptions2,10,10
jExceptions2,13,13
jExceptions2,14,22
jExceptions2,15,15;16
jExceptions2,16,16
jExceptions2,17,18;17
jExceptions2,18,18
jExceptions2,19,19
jExceptions2,21,21
jExceptions2,25,25
jExceptions2,26,26
jExceptions2,29,29
jExceptions2,30,36
jExceptions2,31,31;32
jExceptions2,32,32
jExceptions2,33,33
jExceptions2,35,35
jExceptions2,39,39
jExceptions2,40,40
jExceptions2,43,43
jExceptions2,44,50
jExceptions2,45,46;45
jExceptions2,46,46
jExceptions2,47,47
jExceptions2,49,49
jExceptions2,53,53
jExceptions2,54,54
jExceptions2,55,67
jExceptions2,56,57;56
jExceptions2,57,57
jExceptions2,58,59;58
jExceptions2,59,59
jExceptions2,60,61;60
jExceptions2,61,61
jExceptions2,62,62
jExceptions2,64,64
jExceptions2,66,66
jExceptions2,68,68
jExceptions3,0,0
jExceptions3,1,1
jExceptions3,2,2
jExceptions3,3,3
jExceptions3,4,4
jExceptions3,5,5
jExceptions3,6,6
jExceptions3,7,7
jExceptions3,8,8
jExceptions3,9,9
jExceptions3,10,10
jExceptions3,13,13
jExceptions3,14,22
jExceptions3,15,16;15
jExceptions3,16,16
jExceptions3,17,17;18
jExceptions3,18,18
jExceptions3,19,19
jExceptions3,21,21
jExceptions3,25,25
jExceptions3,26,26
jExceptions3,29,29
jExceptions3,30,36
jExceptions3,31,32;31
jExceptions3,32,32
jExceptions3,33,33
jExceptions3,35,35
jExceptions3,39,39
jExceptions3,40,40
jExceptions3,43,43
jExceptions3,44,50
jExceptions3,45,46;45
jExceptions3,46,46
jExceptions3,47,47
jExceptions3,49,49
jExceptions3,53,53
jExceptions3,54,54
jExceptions3,55,67
jExceptions3,56,57;56
jExceptions3,57,57
jExceptions3,58,59;58
jExceptions3,59,59
jExceptions3,60,61;60
jExceptions3,61,61
jExceptions3,62,62
jExceptions3,64,64
jExceptions3,66,66
jExceptions3,68,68
jExceptions4,0,0
jExceptions4,1,1
jExceptions4,2,2
jExceptions4,3,3;10
jExceptions4,4,4
jExceptions4,5,5
jExceptions4,6,6
jExceptions4,7,7
jExceptions4,8,8;9
jExceptions4,9,9
jExceptions4,10,10;11
jExceptions4,11,11
jExceptions4,12,13;12
jExceptions4,13,13
jExceptions4,14,14
jExceptions4,15,15
jExceptions4,18,18
jExceptions4,19,19
jExceptions4,22,22
jExceptions4,23,23
jExceptions5,0,0
jExceptions5,1,1
jExceptions5,2,2
jExceptions5,3,6;3
jExceptions5,4,4
jExceptions5,6,6
jExceptions5,7,15
jExceptions5,8,8;9
jExceptions5,9,9
jExceptions5,10,10;11
jExceptions5,11,11
jExceptions5,12,12;13
jExceptions5,13,13
jExceptions5,14,14
jExceptions5,15,15
jExceptions5,18,18
jExceptions5,19,19
jExceptions5,22,22
jExceptions5,23,23
jfor1,0,0
jfor1,1,1
jfor1,3,3
jfor1,4,4
jfor1,5,5
jfor2,0,0
jfor2,1,1
jfor2,3,3
jfor2,4,4
jfor2,5,5
jfor3,0,0
jfor3,1,1
jfor3,3,3
jfor3,4,4
jfor3,5,5
jfor4,0,0
jfor4,1,1
jfor4,2,2
jfor4,3,3
jfor4,4,4
jfor4,5,5
jfor4,6,6
jfor4,9,9
jfor4,11,11
jfor4,18,18
jfor4,20,20
jfor4,27,27
jfor4,29,29
jfor4,30,30
jfor4,37,37
jfor4,39,39
jfor4,40,40
jfor4,47,47
jfor4,49,49
jfor4,52,52
jfor5,0,0
jfor5,1,1
jfor5,3,3
jfor5,4,4
jfor5,5,5
jfor5,7,7
jfor5,9,9
jfor5,11,11
jfor5,12,12
jfor5,14,14
jfor5,15,15
jfor5,16,16
jfor5,24,24
jfor5,26,31;26
jfor5,28,28
jfor5,29,29
jfor5,30,30
jfor5,38,38
jfor5,40,40
jfor5,42,42
jfor5,43,43
jfor5,45,45
jfor5,52,52
jfor5,54,54
jfor5,62,62
jfor5,64,64
jfor5,67,67
jfor5,68,68
jfor5,69,69
jif_else1,0,0
jif_else1,1,1
jif_else1,3,3
jif_else1,4,5;4
jif_else1,5,5
jif_else2,0,0
jif_else2,1,1
jif_else2,3,3
jif_else2,4,4;9
jif_else2,5,5
jif_else2,8,8
jif_else2,9,9
jif_else2,11,11
jif_else2,18,18
jif_else2,20,20
jif_else2,27,27
jif_else2,29,29
jif_else2,30,30
jif_else2,37,37
jif_else2,39,39
jif_else2,40,40
jif_else2,47,47
jif_else2,49,49
jif_else2,52,52
jif_else3,0,0
jif_else3,1,1
jif_else3,3,3
jif_else3,4,4
jif_else3,5,5;10
jif_else3,6,6
jif_else3,7,10;7
jif_else3,8,8
jif_else3,9,9
jif_else3,10,10
jif_else3,11,11
jif_else3,12,12
jif_else3,18,18
jif_else3,20,20
jif_else3,27,27
jif_else3,29,29
jif_else3,30,30
jif_else3,37,37
jif_else3,39,39
jif_else3,40,40
jif_else3,47,47
jif_else3,49,49
jif_else3,52,52
jif_else4,0,0
jif_else4,1,1
jif_else4,3,3
jif_else4,4,4;6
jif_else4,5,5;6
jif_else4,6,6
jif_else4,7,7
jif_else4,9,9
jif_else4,11,11
jif_else4,18,18
jif_else4,20,20
jif_else4,27,27
jif_else4,29,29
jif_else4,30,30
jif_else4,37,37
jif_else4,39,39
jif_else4,40,40
jif_else4,47,47
jif_else4,49,49
jif_else4,52,52
jif_else5,0,0
jif_else5,1,1
jif_else5,3,3
jif_else5,4,4
jif_else5,6,15;6
jif_else5,7,10;7
jif_else5,8,8
jif_else5,10,10
jif_else5,11,15;11
jif_else5,12,12
jif_else5,14,14
jincrement,0,0
jincrement,1,1
jincrement,3,3
jincrement,4,4
jInheritance1,0,0
jInheritance1,1,1
jInheritance1,2,2
jInheritance1,3,3
jInheritance1,4,4
jInheritance1,5,5
jInheritance1,6,6
jInheritance1,7,7
jInheritance1,8,8
jInheritance1,9,9
jInheritance1,10,10
jInheritance1,11,11
jInheritance1,12,15;12
jInheritance1,13,13
jInheritance1,14,14
jInheritance1,15,15
jInheritance1,16,16
jInheritance1,17,17
jInheritance1,18,18
jInheritance1,19,19
jInheritance1,20,20
jInheritance1,21,24;21
jInheritance1,22,22
jInheritance1,24,24
jInheritance1,25,25
jInheritance1,26,26
jInheritance1,27,27
jInheritance1,28,28
jInheritance1,29,29
jInheritance1,30,30
jInheritance1,31,31
jInheritance1,32,32
jInheritance1,33,33
jInheritance1,34,34
jInheritance1,35,35
jInheritance2,0,0
jInheritance2,1,1
jInheritance2,2,2
jInheritance2,3,3
jInheritance2,4,4
jInheritance2,5,5
jInheritance2,6,6
jInheritance2,7,7
jInheritance2,8,8
jInheritance2,9,9
jInheritance2,10,10
jInheritance2,11,11;18
jInheritance2,12,15;12
jInheritance2,13,13;18
jInheritance2,14,14
jInheritance2,15,15;18
jInheritance2,16,16
jInheritance2,17,17
jInheritance2,18,18
jInheritance2,19,19
jInheritance2,20,20
jInheritance2,21,24;21
jInheritance2,22,22
jInheritance2,24,24
jInheritance2,25,25
jInheritance2,26,26
jInheritance2,27,27
jInheritance2,28,28
jInheritance2,29,29
jInheritance2,30,30
jInheritance2,31,31
jInheritance2,32,32
jInheritance2,33,33
jInheritance2,34,34
jInheritance2,35,35
jInheritance3,0,0
jInheritance3,1,1
jInheritance3,2,2
jInheritance3,3,3
jInheritance3,4,4
jInheritance3,5,5
jInheritance3,6,6
jInheritance3,7,7
jInheritance3,8,8
jInheritance3,9,9
jInheritance3,10,10
jInheritance3,11,11
jInheritance3,12,12;15
jInheritance3,13,13
jInheritance3,14,14
jInheritance3,15,15
jInheritance3,16,16
jInheritance3,17,17
jInheritance3,18,18
jInheritance3,19,19
jInheritance3,20,20
jInheritance3,21,21;24
jInheritance3,22,22
jInheritance3,24,24
jInheritance3,25,25
jInheritance3,26,26
jInheritance3,27,27
jInheritance3,28,28
jInheritance3,29,29
jInheritance3,30,30
jInheritance3,31,31
jInheritance3,32,32
jInheritance3,33,33
jInheritance3,34,34
jInheritance3,35,35
jInheritance4,0,0
jInheritance4,1,1
jInheritance4,2,2
jInheritance4,3,3
jInheritance4,4,4
jInheritance4,5,5
jInheritance4,6,6
jInheritance4,7,7
jInheritance4,8,8
jInheritance4,9,9
jInheritance4,10,10
jInheritance4,11,11
jInheritance4,12,12;15
jInheritance4,13,13
jInheritance4,14,14
jInheritance4,15,15
jInheritance4,16,16
jInheritance4,17,17
jInheritance4,18,18
jInheritance4,19,19
jInheritance4,20,20
jInheritance4,21,21;24
jInheritance4,22,22
jInheritance4,24,24
jInheritance4,25,25
jInheritance4,26,26
jInheritance4,27,27
jInheritance4,28,28
jInheritance4,29,29
jInheritance4,30,30
jInheritance4,31,31
jInheritance4,32,32
jInheritance4,33,33
jInheritance4,34,34
jInheritance4,35,35
jInheritance5,0,0
jInheritance5,1,1
jInheritance5,2,2
jInheritance5,3,3
jInheritance5,4,4
jInheritance5,5,5
jInheritance5,6,6
jInheritance5,7,7
jInheritance5,8,8
jInheritance5,9,9
jInheritance5,10,10
jInheritance5,11,11
jInheritance5,12,15;12
jInheritance5,13,13
jInheritance5,14,14
jInheritance5,15,15
jInheritance5,16,16
jInheritance5,17,17
jInheritance5,18,18
jInheritance5,19,19
jInheritance5,20,20
jInheritance5,21,21;24
jInheritance5,22,22
jInheritance5,24,24
jInheritance5,25,25
jInheritance5,26,26
jInheritance5,27,27
jInheritance5,28,28
jInheritance5,29,29
jInheritance5,30,30
jInheritance5,31,31
jInheritance5,32,32
jInheritance5,33,33
jInheritance5,34,34
jInheritance5,35,35
jInheritance6,0,0
jInheritance6,1,1
jInheritance6,2,2
jInheritance6,3,3
jInheritance6,4,4
jInheritance6,5,5
jInheritance6,6,6
jInheritance6,7,7
jInheritance6,8,8
jInheritance6,9,9
jInheritance6,10,10
jInheritance6,11,11;14
jInheritance6,12,15;12
jInheritance6,13,13
jInheritance6,14,14
jInheritance6,15,15
jInheritance6,16,16;19
jInheritance6,17,17
jInheritance6,18,18
jInheritance6,19,19
jInheritance6,20,20
jInheritance6,21,21;24
jInheritance6,22,22
jInheritance6,24,24
jInheritance6,25,25
jInheritance6,26,26
jInheritance6,27,27
jInheritance6,28,28
jInheritance6,29,29
jInheritance6,30,30
jInheritance6,31,31
jInheritance6,32,32
jInheritance6,33,33
jInheritance6,34,34
jInheritance6,35,35
jinteger1,0,0
jinteger1,1,1
jinteger1,3,3
jInterfaces1,0,0
jInterfaces1,1,1
jInterfaces1,2,2
jInterfaces1,3,3
jInterfaces1,4,4
jInterfaces1,5,5
jInterfaces1,6,6
jInterfaces1,7,7
jInterfaces1,8,8
jInterfaces1,10,10
jInterfaces1,11,11
jInterfaces1,12,12
jInterfaces1,13,13
jInterfaces1,15,15
jInterfaces1,16,16
jInterfaces1,17,17
jInterfaces1,19,19
jInterfaces1,20,20
jInterfaces1,21,21
jInterfaces1,23,23
jInterfaces1,24,24
jInterfaces1,25,25;26
jInterfaces1,26,26
jInterfaces1,28,28;29
jInterfaces1,29,29
jInterfaces1,32,32
jInterfaces1,33,33
jInterfaces1,35,36;35
jInterfaces1,36,36
jInterfaces1,37,37
jInterfaces1,38,38;39
jInterfaces1,39,39
jInterfaces1,40,40
jInterfaces1,41,42;41
jInterfaces1,42,42
jInterfaces1,44,44
jInterfaces1,46,46;47
jInterfaces1,47,47
jInterfaces1,49,49;50
jInterfaces1,50,50
jInterfaces1,56,56
jInterfaces1,57,57
jInterfaces1,58,59;58
jInterfaces1,59,59
jInterfaces1,60,60;61
jInterfaces1,61,61
jInterfaces1,62,62;63
jInterfaces1,63,63
jInterfaces1,64,64
jInterfaces2,0,0
jInterfaces2,1,1
jInterfaces2,3,3
jInterfaces2,4,4
jInterfaces2,5,5
jInterfaces2,6,6
jInterfaces2,7,7
jInterfaces2,8,8
jInterfaces2,9,9
jInterfaces2,10,10
jInterfaces2,11,11
jInterfaces2,12,12
jInterfaces2,13,13
jInterfaces2,15,15
jInterfaces2,16,16
jInterfaces2,17,17
jInterfaces2,19,19
jInterfaces2,20,20
jInterfaces2,21,21
jInterfaces2,23,23
jInterfaces2,24,24
jInterfaces2,25,26;25
jInterfaces2,26,26
jInterfaces2,28,28;29
jInterfaces2,29,29
jInterfaces2,32,32
jInterfaces2,33,33
jInterfaces2,35,36;35
jInterfaces2,36,36
jInterfaces2,37,37
jInterfaces2,38,38;39
jInterfaces2,39,39
jInterfaces2,40,40
jInterfaces2,41,41;42
jInterfaces2,42,42
jInterfaces2,44,44
jInterfaces2,46,47;46
jInterfaces2,47,47
jInterfaces2,49,50;49
jInterfaces2,50,50
jInterfaces2,56,56
jInterfaces2,57,57
jInterfaces2,58,59;58
jInterfaces2,59,59
jInterfaces2,60,60;61
jInterfaces2,61,61
jInterfaces2,62,63;62
jInterfaces2,63,63
jInterfaces2,64,64
jInterfaces3,0,0
jInterfaces3,1,1
jInterfaces3,3,3
jInterfaces3,4,4
jInterfaces3,5,5
jInterfaces3,6,6
jInterfaces3,7,7
jInterfaces3,8,8
jInterfaces3,9,9;10
jInterfaces3,10,10
jInterfaces3,11,11
jInterfaces3,12,12
jInterfaces3,13,13
jInterfaces3,14,17;14
jInterfaces3,15,15
jInterfaces3,16,16
jInterfaces3,17,17
jInterfaces3,19,19
jInterfaces3,20,20
jInterfaces3,21,21
jInterfaces3,22,22
jInterfaces3,23,23
jInterfaces3,24,24
jInterfaces3,25,25;26
jInterfaces3,26,26
jInterfaces3,27,27
jInterfaces3,28,29;28
jInterfaces3,29,29
jInterfaces3,32,32
jInterfaces3,33,33
jInterfaces3,35,35;36
jInterfaces3,36,36
jInterfaces3,37,37
jInterfaces3,38,39;38
jInterfaces3,39,39
jInterfaces3,40,40
jInterfaces3,41,41;42
jInterfaces3,42,42
jInterfaces3,44,44
jInterfaces3,46,46;47
jInterfaces3,47,47
jInterfaces3,49,50;49
jInterfaces3,50,50
jInterfaces3,56,56
jInterfaces3,57,57
jInterfaces3,58,59;58
jInterfaces3,59,59
jInterfaces3,60,61;60
jInterfaces3,61,61
jInterfaces3,62,63;62
jInterfaces3,63,63
jInterfaces3,64,64
jInterfaces4,0,0
jInterfaces4,1,1
jInterfaces4,3,3
jInterfaces4,4,4
jInterfaces4,5,5
jInterfaces4,6,6;7
jInterfaces4,7,7
jInterfaces4,8,8
jInterfaces4,9,9
jInterfaces4,10,10
jInterfaces4,11,11
jInterfaces4,12,12
jInterfaces4,13,13
jInterfaces4,14,17;14
jInterfaces4,15,15
jInterfaces4,16,16
jInterfaces4,17,17
jInterfaces4,19,19
jInterfaces4,20,20
jInterfaces4,21,21
jInterfaces4,22,22
jInterfaces4,23,23
jInterfaces4,24,24
jInterfaces4,25,25;26
jInterfaces4,26,26
jInterfaces4,27,27
jInterfaces4,28,28;29
jInterfaces4,29,29
jInterfaces4,32,32
jInterfaces4,33,33
jInterfaces4,35,35;36
jInterfaces4,36,36
jInterfaces4,37,37
jInterfaces4,38,38;39
jInterfaces4,39,39
jInterfaces4,40,40
jInterfaces4,41,42;41
jInterfaces4,42,42
jInterfaces4,44,44
jInterfaces4,46,47;46
jInterfaces4,47,47
jInterfaces4,49,50;49
jInterfaces4,50,50
jInterfaces4,56,56
jInterfaces4,57,57
jInterfaces4,58,59;58
jInterfaces4,59,59
jInterfaces4,60,60;61
jInterfaces4,61,61
jInterfaces4,62,63;62
jInterfaces4,63,63
jInterfaces4,64,64
jInterfaces5,0,0
jInterfaces5,1,1
jInterfaces5,3,3
jInterfaces5,4,4
jInterfaces5,5,5
jInterfaces5,6,6
jInterfaces5,7,7
jInterfaces5,8,8
jInterfaces5,9,9
jInterfaces5,10,10
jInterfaces5,11,11
jInterfaces5,12,12;13
jInterfaces5,13,13
jInterfaces5,14,17;14
jInterfaces5,15,15
jInterfaces5,16,16
jInterfaces5,17,17;18
jInterfaces5,18,18
jInterfaces5,19,19
jInterfaces5,20,20
jInterfaces5,21,21
jInterfaces5,22,22
jInterfaces5,23,23
jInterfaces5,24,24
jInterfaces5,25,25;26
jInterfaces5,26,26
jInterfaces5,27,27
jInterfaces5,28,28;29
jInterfaces5,29,29
jInterfaces5,32,32
jInterfaces5,33,33
jInterfaces5,35,36;35
jInterfaces5,36,36
jInterfaces5,37,37
jInterfaces5,38,39;38
jInterfaces5,39,39
jInterfaces5,40,40
jInterfaces5,41,41;42
jInterfaces5,42,42
jInterfaces5,44,44
jInterfaces5,46,46;47
jInterfaces5,47,47
jInterfaces5,49,50;49
jInterfaces5,50,50
jInterfaces5,56,56
jInterfaces5,57,57
jInterfaces5,58,59;58
jInterfaces5,59,59
jInterfaces5,60,61;60
jInterfaces5,61,61
jInterfaces5,62,62;63
jInterfaces5,63,63
jInterfaces5,64,64
jint_long,0,0
jint_long,1,1
jint_long,3,3
jint_long,4,4
jmath1,0,0
jmath1,1,1
jmath1,3,3
jmath2,0,0
jmath2,1,1
jmath2,3,3
jnested2,0,0
jnested2,1,1
jnested2,2,2
jnested2,3,3;6
jnested2,4,4
jnested2,5,5
jnested2,7,7
jnested3,0,0
jnested3,1,1
jnested3,2,2
jnested3,3,3
jnested3,4,10;4
jnested3,5,5
jnested3,6,6
jnested3,7,7
jnested3,9,9
jnested3,11,11
jnested3,18,18
jnested3,20,20
jnested3,27,27
jnested3,29,29
jnested3,30,30
jnested3,37,37
jnested3,39,39
jnested3,40,40
jnested3,47,47
jnested3,49,49
jnested3,52,52
jnested_loops1,0,0
jnested_loops1,1,1
jnested_loops1,3,3
jnested_loops1,4,4;8
jnested_loops1,5,5
jnested_loops1,6,6
jobject_rec1,0,0
jobject_rec1,1,1
jobject_rec1,2,2
jobject_rec1,3,3
jobject_rec1,4,4
jobject_rec2,0,0
jobject_rec2,1,1
jobject_rec2,2,2
jobject_rec2,3,3
jobject_rec2,4,4
jobject_rec2,5,5
jobject_rec2,6,6
jobject_rec2,7,7
jobject_string1,0,0
jobject_string1,1,1
jobject_string1,3,3
jobject_string1,4,4
jobject_string2,0,0
jobject_string2,1,1
jobject_string2,2,2
jobject_string2,3,3
jobject_translate,0,0
jobject_translate,1,1
jobject_translate,2,2
jobject_translate,3,3
jobject_translate,4,4
jobject_translate,5,5
joperator1,0,0
joperator1,1,1
joperator1,3,3
jprint_var,0,0
jprint_var,1,1
jprint_var,2,2
jprint_var,3,3
jprint_var_express,0,0
jprint_var_express,1,1
jprint_var_express,2,2
jprint_var_express,3,3
jprint_var_express,4,4
jprint_var_express2,0,0
jprint_var_express2,1,1
jprint_var_express2,2,2
jprint_var_express2,3,3
jpri_float,0,0
jpri_float,1,1
jpri_float,3,3
jpri_string1,0,0
jpri_string1,2,2
jstring1,0,0
jstring1,1,1
jstring1,2,2
jstring1,3,3
jstring1,4,4
jstring2,0,0
jstring2,1,1
jstring2,2,2
jstring2,3,3
jstring2,4,4
jstring2,5,5
jstring2,6,6
jstring2,7,7
jstring2,8,8
jstring3,0,0
jstring3,1,1
jstring3,2,2
jstring3,3,3
jstring3,4,4
jstring4,0,0
jstring4,1,1
jstring4,2,2
jstring4,3,3
jstring4,4,4
jstring5,0,0
jstring5,1,1
jstring5,2,2
jstring5,3,3
jstring5,4,4
jstring6,0,0
jstring6,1,1
jstring6,2,2
jstring_double,0,0
jstring_double,1,1
jstring_double,3,3
jstring_double,4,4
jstring_int,0,0
jstring_int,1,1
jstring_int,3,3
jstring_int,4,4
jswitch1,0,0
jswitch1,1,1
jswitch1,2,2
jswitch1,3,21
jswitch1,4,4
jswitch1,5,5
jswitch1,6,6
jswitch1,7,7
jswitch1,8,8
jswitch1,9,9
jswitch1,10,10
jswitch1,11,11
jswitch1,12,12
jswitch1,13,13
jswitch1,14,14
jswitch1,15,15
jswitch1,16,16
jswitch1,17,17
jswitch1,18,18
jswitch1,19,19
jswitch1,20,20
jswitch2,0,0
jswitch2,1,1
jswitch2,3,3
jswitch2,4,4
jswitch2,5,16
jswitch2,6,6
jswitch2,7,7
jswitch2,8,8
jswitch2,9,9
jswitch2,10,10
jswitch2,11,11
jswitch2,12,12
jswitch2,13,13
jswitch2,14,14
jswitch2,15,15
jswitch3,0,0
jswitch3,1,1
jswitch3,3,3
jswitch3,4,4
jswitch3,6,18
jswitch3,7,7
jswitch3,8,8
jswitch3,9,9
jswitch3,10,10
jswitch3,11,11
jswitch3,12,12
jswitch3,13,13
jswitch3,14,14
jswitch3,15,15
jswitch3,16,16
jswitch3,17,17
jvariable1,0,0
jvariable1,1,1
jvariable1,3,3
jvariable1,4,4
jvariables1,0,0
jvariables1,1,1
jvariables1,3,3
jvariables1,4,4
jvariables2,0,0
jvariables2,1,1
jvariables2,3,3
jvariables2,4,4
jwhile1,0,0
jwhile1,1,1
jwhile1,3,3
jwhile1,4,5;4
jwhile1,5,5
jwhile2,0,0
jwhile2,1,1
jwhile2,3,3
jwhile2,4,5;4
jwhile2,5,5
jwhile3,0,0
jwhile3,1,1
jwhile3,3,3
jwhile3,4,4
jwhile3,6,6;9
jwhile3,7,7
jwhile3,8,8
jwhile3,10,10
jwhile4,0,0
jwhile4,1,1
jwhile4,3,3
jwhile4,4,4
jwhile4,5,9;5
jwhile4,6,7;6
jwhile4,7,7
jwhile4,8,8
jwhile5,0,0
jwhile5,1,1
jwhile5,3,3
jwhile5,4,4
jwhile5,6,6
jwhile5,8,8
jwhile5,10,10
jwhile5,12,12
jwhile5,14,14
jwhile5,15,15
jwhile5,16,16
jwhile5,24,24
jwhile5,26,31;26
jwhile5,28,28
jwhile5,29,29
jwhile5,30,30
jwhile5,38,38
jwhile5,40,40
jwhile5,42,42
jwhile5,43,43
jwhile5,45,45
jwhile5,52,52
jwhile5,54,54
jwhile5,62,62
jwhile5,64,64
jwhile5,67,67
jwhile5,68,68
jwhile5,69,69
jwrapper_class1,0,0
jwrapper_class1,1,1
jwrapper_class1,3,3
jwrapper_class1,4,4
jwrapper_class1,6,6
jwrapper_class2,0,0
jwrapper_class2,2,2
jwrapper_class2,4,4
jwrapper_class2,5,5
jwrapper_class2,6,6
jwrapper_class2,8,8
jwrapper_class2,10,10
jwrapper_class3,0,0
jwrapper_class3,2,2
jwrapper_class3,4,4
jwrapper_class3,6,6
jwrapper_class3,7,7
jwrapper_class3,9,9
jwrapper_class3,10,10
jwrapper_class3,11,11
jwrapper_class3,12,12
jwrapper_class3,14,14
jwrapper_class3,15,15
jwrapper_class3,17,17
jwrapper_class4,0,0
jwrapper_class4,2,2
jwrapper_class4,4,4
jwrapper_class4,6,6
jwrapper_class4,7,7
jwrapper_class4,8,8
jwrapper_class4,9,9
jwrapper_class4,10,10
jwrapper_class4,11,11
jwrapper_class4,12,12
jwrapper_class4,13,13
jwrapper_class4,14,14
jwrapper_class4,15,15
jwrapper_class4,17,17
jwrapper_class4,18,18
jwrapper_class4,19,19
jwrapper_class4,20,20
jwrapper_class4,22,22
jwrapper_class4,23,23
jwrapper_class4,25,25
jwrapper_class4,26,26
jwrapper_class4,30,30
jwrapper_class4,32,32
jwrapper_class4,33,33
jwrapper_class4,41,41
jwrapper_class4,43,43
jwrapper_class4,44,44
jwrapper_class4,51,51
jwrapper_class4,53,53
jwrapper_class4,60,60
jwrapper_class4,62,62
jwrapper_class4,63,63
jwrapper_class4,70,70
jwrapper_class4,72,72
jwrapper_class4,73,73
jwrapper_class4,80,80
jwrapper_class4,82,82
jwrapper_class4,85,85
jwrapper_class4,86,86
